game_id,player_id,threshold,fair_yes,raw_fair_yes,model_version,calibration_version,calibration_sha256,generated_at,projection,residual_sd,position,games_used,season_games_before,prior_targets_r3,training_rows,qc_status,qc_reason,context_flags
2026_05_TB_DAL,00-0040237,50,0.0977596741344195,0.11280857040597445,NFL-REC-RIDGE-NORMALSD-ISO-v1,2024-25-WALKFORWARD-ISO-v1,f1dca0a32f6c0e0d09190df22eaef89665800660e6602be76d586191896978cf,2026-10-05T22:32:00.023474+00:00,21.69629984392174,23.358161397828415,WR,19,4,2.6666666666666665,19159,PASS,,
2026_05_TB_DAL,00-0040237,40,0.171238570241064,0.21663435112468177,NFL-REC-RIDGE-NORMALSD-ISO-v1,2024-25-WALKFORWARD-ISO-v1,f1dca0a32f6c0e0d09190df22eaef89665800660e6602be76d586191896978cf,2026-10-05T22:32:00.023474+00:00,21.69629984392174,23.358161397828415,WR,19,4,2.6666666666666665,19159,PASS,,
2026_05_TB_DAL,00-0040237,25,0.3918575063613231,0.4437625004005277,NFL-REC-RIDGE-NORMALSD-ISO-v1,2024-25-WALKFORWARD-ISO-v1,f1dca0a32f6c0e0d09190df22eaef89665800660e6602be76d586191896978cf,2026-10-05T22:32:00.023474+00:00,21.69629984392174,23.358161397828415,WR,19,4,2.6666666666666665,19159,WARN,THRESHOLD_OUTSIDE_VALIDATED_30_150_RANGE,
2026_05_TB_DAL,00-0040237,15,0.5065123010130245,0.6128210307610996,NFL-REC-RIDGE-NORMALSD-ISO-v1,2024-25-WALKFORWARD-ISO-v1,f1dca0a32f6c0e0d09190df22eaef89665800660e6602be76d586191896978cf,2026-10-05T22:32:00.023474+00:00,21.69629984392174,23.358161397828415,WR,19,4,2.6666666666666665,19159,WARN,THRESHOLD_OUTSIDE_VALIDATED_30_150_RANGE,
2026_05_TB_DAL,00-0041048,80,0.0388931591083781,0.02458484917442193,NFL-REC-RIDGE-NORMALSD-ISO-v1,2024-25-WALKFORWARD-ISO-v1,f1dca0a32f6c0e0d09190df22eaef89665800660e6602be76d586191896978cf,2026-10-05T22:32:00.023474+00:00,34.051758463617645,23.358161397828415,WR,4,4,4.333333333333333,19159,PASS,,
2026_05_TB_DAL,00-0041048,70,0.0685772773797338,0.06190198536407032,NFL-REC-RIDGE-NORMALSD-ISO-v1,2024-25-WALKFORWARD-ISO-v1,f1dca0a32f6c0e0d09190df22eaef89665800660e6602be76d586191896978cf,2026-10-05T22:32:00.023474+00:00,34.051758463617645,23.358161397828415,WR,4,4,4.333333333333333,19159,PASS,,
2026_05_TB_DAL,00-0041048,60,0.102890739833415,0.13330883047464925,NFL-REC-RIDGE-NORMALSD-ISO-v1,2024-25-WALKFORWARD-ISO-v1,f1dca0a32f6c0e0d09190df22eaef89665800660e6602be76d586191896978cf,2026-10-05T22:32:00.023474+00:00,34.051758463617645,23.358161397828415,WR,4,4,4.333333333333333,19159,PASS,,
2026_05_TB_DAL,00-0041048,50,0.2124183006535947,0.24737623425227787,NFL-REC-RIDGE-NORMALSD-ISO-v1,2024-25-WALKFORWARD-ISO-v1,f1dca0a32f6c0e0d09190df22eaef89665800660e6602be76d586191896978cf,2026-10-05T22:32:00.023474+00:00,34.051758463617645,23.358161397828415,WR,4,4,4.333333333333333,19159,PASS,,
2026_05_TB_DAL,00-0041048,40,0.3602584814216478,0.3994953011291494,NFL-REC-RIDGE-NORMALSD-ISO-v1,2024-25-WALKFORWARD-ISO-v1,f1dca0a32f6c0e0d09190df22eaef89665800660e6602be76d586191896978cf,2026-10-05T22:32:00.023474+00:00,34.051758463617645,23.358161397828415,WR,4,4,4.333333333333333,19159,PASS,,
2026_05_TB_DAL,00-0041048,25,0.5654101995565411,0.6508144188051679,NFL-REC-RIDGE-NORMALSD-ISO-v1,2024-25-WALKFORWARD-ISO-v1,f1dca0a32f6c0e0d09190df22eaef89665800660e6602be76d586191896978cf,2026-10-05T22:32:00.023474+00:00,34.051758463617645,23.358161397828415,WR,4,4,4.333333333333333,19159,WARN,THRESHOLD_OUTSIDE_VALIDATED_30_150_RANGE,
2026_05_TB_DAL,00-0041048,15,0.6842105263157895,0.7926458372984686,NFL-REC-RIDGE-NORMALSD-ISO-v1,2024-25-WALKFORWARD-ISO-v1,f1dca0a32f6c0e0d09190df22eaef89665800660e6602be76d586191896978cf,2026-10-05T22:32:00.023474+00:00,34.051758463617645,23.358161397828415,WR,4,4,4.333333333333333,19159,WARN,THRESHOLD_OUTSIDE_VALIDATED_30_150_RANGE,
2026_05_TB_DAL,00-0036919,40,0.1233243967828418,0.14710939473437845,NFL-REC-RIDGE-NORMALSD-ISO-v1,2024-25-WALKFORWARD-ISO-v1,f1dca0a32f6c0e0d09190df22eaef89665800660e6602be76d586191896978cf,2026-10-05T22:32:00.023474+00:00,15.499352708956994,23.358161397828415,RB,71,4,3.6666666666666665,19159,PASS,,
2026_05_TB_DAL,00-0036919,25,0.2891566265060241,0.3421002855530106,NFL-REC-RIDGE-NORMALSD-ISO-v1,2024-25-WALKFORWARD-ISO-v1,f1dca0a32f6c0e0d09190df22eaef89665800660e6602be76d586191896978cf,2026-10-05T22:32:00.023474+00:00,15.499352708956994,23.358161397828415,RB,71,4,3.6666666666666665,19159,WARN,THRESHOLD_OUTSIDE_VALIDATED_30_150_RANGE,
2026_05_TB_DAL,00-0036919,15,0.4221732745961821,0.5085279715280535,NFL-REC-RIDGE-NORMALSD-ISO-v1,2024-25-WALKFORWARD-ISO-v1,f1dca0a32f6c0e0d09190df22eaef89665800660e6602be76d586191896978cf,2026-10-05T22:32:00.023474+00:00,15.499352708956994,23.358161397828415,RB,71,4,3.6666666666666665,19159,WARN,THRESHOLD_OUTSIDE_VALIDATED_30_150_RANGE,
2026_04_ATL_NO,00-0041044,40,0.0977596741344195,0.1135361987183247,NFL-REC-RIDGE-NORMALSD-ISO-v1,2024-25-WALKFORWARD-ISO-v1,f1dca0a32f6c0e0d09190df22eaef89665800660e6602be76d586191896978cf,2026-10-05T22:32:00.023474+00:00,11.784867321373167,23.358161397828415,WR,3,3,1.3333333333333333,18875,PASS,,
2026_04_ATL_NO,00-0041044,25,0.2427184466019417,0.2857781900810137,NFL-REC-RIDGE-NORMALSD-ISO-v1,2024-25-WALKFORWARD-ISO-v1,f1dca0a32f6c0e0d09190df22eaef89665800660e6602be76d586191896978cf,2026-10-05T22:32:00.023474+00:00,11.784867321373167,23.358161397828415,WR,3,3,1.3333333333333333,18875,WARN,THRESHOLD_OUTSIDE_VALIDATED_30_150_RANGE,
2026_04_ATL_NO,00-0041044,15,0.3918575063613231,0.4452605190485558,NFL-REC-RIDGE-NORMALSD-ISO-v1,2024-25-WALKFORWARD-ISO-v1,f1dca0a32f6c0e0d09190df22eaef89665800660e6602be76d586191896978cf,2026-10-05T22:32:00.023474+00:00,11.784867321373167,23.358161397828415,WR,3,3,1.3333333333333333,18875,WARN,THRESHOLD_OUTSIDE_VALIDATED_30_150_RANGE,
2026_04_ATL_NO,00-0041044,5,0.5065123010130245,0.6142720139626232,NFL-REC-RIDGE-NORMALSD-ISO-v1,2024-25-WALKFORWARD-ISO-v1,f1dca0a32f6c0e0d09190df22eaef89665800660e6602be76d586191896978cf,2026-10-05T22:32:00.023474+00:00,11.784867321373167,23.358161397828415,WR,3,3,1.3333333333333333,18875,WARN,THRESHOLD_OUTSIDE_VALIDATED_30_150_RANGE,
2026_04_ATL_NO,00-0041067,70,0.0388931591083781,0.01398258254497546,NFL-REC-RIDGE-NORMALSD-ISO-v1,2024-25-WALKFORWARD-ISO-v1,f1dca0a32f6c0e0d09190df22eaef89665800660e6602be76d586191896978cf,2026-10-05T22:32:00.023474+00:00,18.66402379811595,23.358161397828415,WR,3,3,2.6666666666666665,18875,PASS,,
2026_04_ATL_NO,00-0041067,60,0.0610138248847926,0.03839199739476564,NFL-REC-RIDGE-NORMALSD-ISO-v1,2024-25-WALKFORWARD-ISO-v1,f1dca0a32f6c0e0d09190df22eaef89665800660e6602be76d586191896978cf,2026-10-05T22:32:00.023474+00:00,18.66402379811595,23.358161397828415,WR,3,3,2.6666666666666665,18875,PASS,,
2026_04_ATL_NO,00-0041067,50,0.0905911157747464,0.08987212114292349,NFL-REC-RIDGE-NORMALSD-ISO-v1,2024-25-WALKFORWARD-ISO-v1,f1dca0a32f6c0e0d09190df22eaef89665800660e6602be76d586191896978cf,2026-10-05T22:32:00.023474+00:00,18.66402379811595,23.358161397828415,WR,3,3,2.6666666666666665,18875,PASS,,
2026_04_ATL_NO,00-0041067,40,0.1613958560523446,0.18050899508504373,NFL-REC-RIDGE-NORMALSD-ISO-v1,2024-25-WALKFORWARD-ISO-v1,f1dca0a32f6c0e0d09190df22eaef89665800660e6602be76d586191896978cf,2026-10-05T22:32:00.023474+00:00,18.66402379811595,23.358161397828415,WR,3,3,2.6666666666666665,18875,PASS,,
2026_04_ATL_NO,00-0041067,25,0.36,0.3930981463201434,NFL-REC-RIDGE-NORMALSD-ISO-v1,2024-25-WALKFORWARD-ISO-v1,f1dca0a32f6c0e0d09190df22eaef89665800660e6602be76d586191896978cf,2026-10-05T22:32:00.023474+00:00,18.66402379811595,23.358161397828415,WR,3,3,2.6666666666666665,18875,WARN,THRESHOLD_OUTSIDE_VALIDATED_30_150_RANGE,
2026_04_ATL_NO,00-0041067,15,0.4953703703703703,0.5623234636618946,NFL-REC-RIDGE-NORMALSD-ISO-v1,2024-25-WALKFORWARD-ISO-v1,f1dca0a32f6c0e0d09190df22eaef89665800660e6602be76d586191896978cf,2026-10-05T22:32:00.023474+00:00,18.66402379811595,23.358161397828415,WR,3,3,2.6666666666666665,18875,WARN,THRESHOLD_OUTSIDE_VALIDATED_30_150_RANGE,
2026_05_TB_DAL,00-0040129,90,0.0533141210374639,0.028934384068223695,NFL-REC-RIDGE-NORMALSD-ISO-v1,2024-25-WALKFORWARD-ISO-v1,f1dca0a32f6c0e0d09190df22eaef89665800660e6602be76d586191896978cf,2026-10-05T22:32:00.023474+00:00,45.69679185023695,23.358161397828415,WR,21,4,6.0,19159,PASS,,
2026_05_TB_DAL,00-0040129,80,0.0822189202575532,0.07097407155906234,NFL-REC-RIDGE-NORMALSD-ISO-v1,2024-25-WALKFORWARD-ISO-v1,f1dca0a32f6c0e0d09190df22eaef89665800660e6602be76d586191896978cf,2026-10-05T22:32:00.023474+00:00,45.69679185023695,23.358161397828415,WR,21,4,6.0,19159,PASS,,
2026_05_TB_DAL,00-0040129,70,0.1233243967828418,0.14906336238947174,NFL-REC-RIDGE-NORMALSD-ISO-v1,2024-25-WALKFORWARD-ISO-v1,f1dca0a32f6c0e0d09190df22eaef89665800660e6602be76d586191896978cf,2026-10-05T22:32:00.023474+00:00,45.69679185023695,23.358161397828415,WR,21,4,6.0,19159,PASS,,
2026_05_TB_DAL,00-0040129,60,0.2234782608695652,0.2701554012071025,NFL-REC-RIDGE-NORMALSD-ISO-v1,2024-25-WALKFORWARD-ISO-v1,f1dca0a32f6c0e0d09190df22eaef89665800660e6602be76d586191896978cf,2026-10-05T22:32:00.023474+00:00,45.69679185023695,23.358161397828415,WR,21,4,6.0,19159,PASS,,
2026_05_TB_DAL,00-0040129,50,0.3602584814216478,0.4269176198338051,NFL-REC-RIDGE-NORMALSD-ISO-v1,2024-25-WALKFORWARD-ISO-v1,f1dca0a32f6c0e0d09190df22eaef89665800660e6602be76d586191896978cf,2026-10-05T22:32:00.023474+00:00,45.69679185023695,23.358161397828415,WR,21,4,6.0,19159,PASS,,
2026_05_TB_DAL,00-0040129,40,0.5065123010130245,0.5963414933225615,NFL-REC-RIDGE-NORMALSD-ISO-v1,2024-25-WALKFORWARD-ISO-v1,f1dca0a32f6c0e0d09190df22eaef89665800660e6602be76d586191896978cf,2026-10-05T22:32:00.023474+00:00,45.69679185023695,23.358161397828415,WR,21,4,6.0,19159,PASS,,
2026_05_TB_DAL,00-0040129,25,0.6842105263157895,0.8122080866266816,NFL-REC-RIDGE-NORMALSD-ISO-v1,2024-25-WALKFORWARD-ISO-v1,f1dca0a32f6c0e0d09190df22eaef89665800660e6602be76d586191896978cf,2026-10-05T22:32:00.023474+00:00,45.69679185023695,23.358161397828415,WR,21,4,6.0,19159,WARN,THRESHOLD_OUTSIDE_VALIDATED_30_150_RANGE,
2026_05_TB_DAL,00-0040129,15,0.7681159420289855,0.9056069170808027,NFL-REC-RIDGE-NORMALSD-ISO-v1,2024-25-WALKFORWARD-ISO-v1,f1dca0a32f6c0e0d09190df22eaef89665800660e6602be76d586191896978cf,2026-10-05T22:32:00.023474+00:00,45.69679185023695,23.358161397828415,WR,21,4,6.0,19159,WARN,THRESHOLD_OUTSIDE_VALIDATED_30_150_RANGE,
2026_05_TB_DAL,00-0040129,100,0.0360138135175135,0.010041151548892189,NFL-REC-RIDGE-NORMALSD-ISO-v1,2024-25-WALKFORWARD-ISO-v1,f1dca0a32f6c0e0d09190df22eaef89665800660e6602be76d586191896978cf,2026-10-05T22:32:00.023474+00:00,45.69679185023695,23.358161397828415,WR,21,4,6.0,19159,PASS,,
2026_05_TB_DAL,00-0038129,80,0.0610138248847926,0.05013454285344571,NFL-REC-RIDGE-NORMALSD-ISO-v1,2024-25-WALKFORWARD-ISO-v1,f1dca0a32f6c0e0d09190df22eaef89665800660e6602be76d586191896978cf,2026-10-05T22:32:00.023474+00:00,41.609682136794476,23.358161397828415,TE,66,4,6.0,19159,PASS,,
2026_05_TB_DAL,00-0038129,70,0.0977596741344195,0.11210018661226498,NFL-REC-RIDGE-NORMALSD-ISO-v1,2024-25-WALKFORWARD-ISO-v1,f1dca0a32f6c0e0d09190df22eaef89665800660e6602be76d586191896978cf,2026-10-05T22:32:00.023474+00:00,41.609682136794476,23.358161397828415,TE,66,4,6.0,19159,PASS,,
2026_05_TB_DAL,00-0038129,60,0.171238570241064,0.2155476552965417,NFL-REC-RIDGE-NORMALSD-ISO-v1,2024-25-WALKFORWARD-ISO-v1,f1dca0a32f6c0e0d09190df22eaef89665800660e6602be76d586191896978cf,2026-10-05T22:32:00.023474+00:00,41.609682136794476,23.358161397828415,TE,66,4,6.0,19159,PASS,,
2026_05_TB_DAL,00-0038129,50,0.3297045101088648,0.3597216768716761,NFL-REC-RIDGE-NORMALSD-ISO-v1,2024-25-WALKFORWARD-ISO-v1,f1dca0a32f6c0e0d09190df22eaef89665800660e6602be76d586191896978cf,2026-10-05T22:32:00.023474+00:00,41.609682136794476,23.358161397828415,TE,66,4,6.0,19159,PASS,,
2026_05_TB_DAL,00-0038129,40,0.4647377938517179,0.5274705844629888,NFL-REC-RIDGE-NORMALSD-ISO-v1,2024-25-WALKFORWARD-ISO-v1,f1dca0a32f6c0e0d09190df22eaef89665800660e6602be76d586191896978cf,2026-10-05T22:32:00.023474+00:00,41.609682136794476,23.358161397828415,TE,66,4,6.0,19159,PASS,,
2026_05_TB_DAL,00-0038129,25,0.6394557823129252,0.761484800514501,NFL-REC-RIDGE-NORMALSD-ISO-v1,2024-25-WALKFORWARD-ISO-v1,f1dca0a32f6c0e0d09190df22eaef89665800660e6602be76d586191896978cf,2026-10-05T22:32:00.023474+00:00,41.609682136794476,23.358161397828415,TE,66,4,6.0,19159,WARN,THRESHOLD_OUTSIDE_VALIDATED_30_150_RANGE,
2026_05_TB_DAL,00-0038129,15,0.7670454545454546,0.8726907044818493,NFL-REC-RIDGE-NORMALSD-ISO-v1,2024-25-WALKFORWARD-ISO-v1,f1dca0a32f6c0e0d09190df22eaef89665800660e6602be76d586191896978cf,2026-10-05T22:32:00.023474+00:00,41.609682136794476,23.358161397828415,TE,66,4,6.0,19159,WARN,THRESHOLD_OUTSIDE_VALIDATED_30_150_RANGE,
2026_05_TB_DAL,00-0033921,80,0.0610138248847926,0.058718914538797795,NFL-REC-RIDGE-NORMALSD-ISO-v1,2024-25-WALKFORWARD-ISO-v1,f1dca0a32f6c0e0d09190df22eaef89665800660e6602be76d586191896978cf,2026-10-05T22:32:00.023474+00:00,43.43001769945434,23.358161397828415,WR,52,4,4.666666666666667,19159,PASS,,
2026_05_TB_DAL,00-0033921,70,0.102890739833415,0.1276640030739542,NFL-REC-RIDGE-NORMALSD-ISO-v1,2024-25-WALKFORWARD-ISO-v1,f1dca0a32f6c0e0d09190df22eaef89665800660e6602be76d586191896978cf,2026-10-05T22:32:00.023474+00:00,43.43001769945434,23.358161397828415,WR,52,4,4.666666666666667,19159,PASS,,
2026_05_TB_DAL,00-0033921,60,0.1923076923076923,0.2390420932540245,NFL-REC-RIDGE-NORMALSD-ISO-v1,2024-25-WALKFORWARD-ISO-v1,f1dca0a32f6c0e0d09190df22eaef89665800660e6602be76d586191896978cf,2026-10-05T22:32:00.023474+00:00,43.43001769945434,23.358161397828415,WR,52,4,4.666666666666667,19159,PASS,,
2026_05_TB_DAL,00-0033921,50,0.3333333333333333,0.38925112984370414,NFL-REC-RIDGE-NORMALSD-ISO-v1,2024-25-WALKFORWARD-ISO-v1,f1dca0a32f6c0e0d09190df22eaef89665800660e6602be76d586191896978cf,2026-10-05T22:32:00.023474+00:00,43.43001769945434,23.358161397828415,WR,52,4,4.666666666666667,19159,PASS,,
2026_05_TB_DAL,00-0033921,40,0.4953703703703703,0.5583726231086816,NFL-REC-RIDGE-NORMALSD-ISO-v1,2024-25-WALKFORWARD-ISO-v1,f1dca0a32f6c0e0d09190df22eaef89665800660e6602be76d586191896978cf,2026-10-05T22:32:00.023474+00:00,43.43001769945434,23.358161397828415,WR,52,4,4.666666666666667,19159,PASS,,
2026_05_TB_DAL,00-0033921,25,0.6527777777777778,0.7849493558721626,NFL-REC-RIDGE-NORMALSD-ISO-v1,2024-25-WALKFORWARD-ISO-v1,f1dca0a32f6c0e0d09190df22eaef89665800660e6602be76d586191896978cf,2026-10-05T22:32:00.023474+00:00,43.43001769945434,23.358161397828415,WR,52,4,4.666666666666667,19159,WARN,THRESHOLD_OUTSIDE_VALIDATED_30_150_RANGE,
2026_05_TB_DAL,00-0033921,15,0.767988773308984,0.8882234248235926,NFL-REC-RIDGE-NORMALSD-ISO-v1,2024-25-WALKFORWARD-ISO-v1,f1dca0a32f6c0e0d09190df22eaef89665800660e6602be76d586191896978cf,2026-10-05T22:32:00.023474+00:00,43.43001769945434,23.358161397828415,WR,52,4,4.666666666666667,19159,WARN,THRESHOLD_OUTSIDE_VALIDATED_30_150_RANGE,
2026_05_TB_DAL,00-0039361,50,0.0822189202575532,0.0735234296653491,NFL-REC-RIDGE-NORMALSD-ISO-v1,2024-25-WALKFORWARD-ISO-v1,f1dca0a32f6c0e0d09190df22eaef89665800660e6602be76d586191896978cf,2026-10-05T22:32:00.023474+00:00,16.129689279790696,23.358161397828415,RB,31,4,2.6666666666666665,19159,PASS,,
2026_05_TB_DAL,00-0039361,40,0.125,0.15340798030745656,NFL-REC-RIDGE-NORMALSD-ISO-v1,2024-25-WALKFORWARD-ISO-v1,f1dca0a32f6c0e0d09190df22eaef89665800660e6602be76d586191896978cf,2026-10-05T22:32:00.023474+00:00,16.129689279790696,23.358161397828415,RB,31,4,2.6666666666666665,19159,PASS,,
2026_05_TB_DAL,00-0039361,25,0.2891566265060241,0.352064722906164,NFL-REC-RIDGE-NORMALSD-ISO-v1,2024-25-WALKFORWARD-ISO-v1,f1dca0a32f6c0e0d09190df22eaef89665800660e6602be76d586191896978cf,2026-10-05T22:32:00.023474+00:00,16.129689279790696,23.358161397828415,RB,31,4,2.6666666666666665,19159,WARN,THRESHOLD_OUTSIDE_VALIDATED_30_150_RANGE,
2026_05_TB_DAL,00-0039361,15,0.4221732745961821,0.5192868426899002,NFL-REC-RIDGE-NORMALSD-ISO-v1,2024-25-WALKFORWARD-ISO-v1,f1dca0a32f6c0e0d09190df22eaef89665800660e6602be76d586191896978cf,2026-10-05T22:32:00.023474+00:00,16.129689279790696,23.358161397828415,RB,31,4,2.6666666666666665,19159,WARN,THRESHOLD_OUTSIDE_VALIDATED_30_150_RANGE,
2026_05_TB_DAL,00-0039410,90,0.0261011419249592,0.006968144416975354,NFL-REC-RIDGE-NORMALSD-ISO-v1,2024-25-WALKFORWARD-ISO-v1,f1dca0a32f6c0e0d09190df22eaef89665800660e6602be76d586191896978cf,2026-10-05T22:32:00.023474+00:00,32.56458431742888,23.358161397828415,WR,28,4,6.333333333333333,19159,PASS,,
2026_05_TB_DAL,00-0039410,80,0.0388931591083781,0.02113837883002348,NFL-REC-RIDGE-NORMALSD-ISO-v1,2024-25-WALKFORWARD-ISO-v1,f1dca0a32f6c0e0d09190df22eaef89665800660e6602be76d586191896978cf,2026-10-05T22:32:00.023474+00:00,32.56458431742888,23.358161397828415,WR,28,4,6.333333333333333,19159,PASS,,
2026_05_TB_DAL,00-0039410,70,0.0610138248847926,0.0545038069391985,NFL-REC-RIDGE-NORMALSD-ISO-v1,2024-25-WALKFORWARD-ISO-v1,f1dca0a32f6c0e0d09190df22eaef89665800660e6602be76d586191896978cf,2026-10-05T22:32:00.023474+00:00,32.56458431742888,23.358161397828415,WR,28,4,6.333333333333333,19159,PASS,,
2026_05_TB_DAL,00-0039410,60,0.0977596741344195,0.1200866512429066,NFL-REC-RIDGE-NORMALSD-ISO-v1,2024-25-WALKFORWARD-ISO-v1,f1dca0a32f6c0e0d09190df22eaef89665800660e6602be76d586191896978cf,2026-10-05T22:32:00.023474+00:00,32.56458431742888,23.358161397828415,WR,28,4,6.333333333333333,19159,PASS,,
2026_05_TB_DAL,00-0039410,50,0.171238570241064,0.22770148217819763,NFL-REC-RIDGE-NORMALSD-ISO-v1,2024-25-WALKFORWARD-ISO-v1,f1dca0a32f6c0e0d09190df22eaef89665800660e6602be76d586191896978cf,2026-10-05T22:32:00.023474+00:00,32.56458431742888,23.358161397828415,WR,28,4,6.333333333333333,19159,PASS,,
2026_05_TB_DAL,00-0039410,40,0.3297045101088648,0.37512036473540994,NFL-REC-RIDGE-NORMALSD-ISO-v1,2024-25-WALKFORWARD-ISO-v1,f1dca0a32f6c0e0d09190df22eaef89665800660e6602be76d586191896978cf,2026-10-05T22:32:00.023474+00:00,32.56458431742888,23.358161397828415,WR,28,4,6.333333333333333,19159,PASS,,
2026_05_TB_DAL,00-0039410,25,0.5065123010130245,0.6269749091344737,NFL-REC-RIDGE-NORMALSD-ISO-v1,2024-25-WALKFORWARD-ISO-v1,f1dca0a32f6c0e0d09190df22eaef89665800660e6602be76d586191896978cf,2026-10-05T22:32:00.023474+00:00,32.56458431742888,23.358161397828415,WR,28,4,6.333333333333333,19159,WARN,THRESHOLD_OUTSIDE_VALIDATED_30_150_RANGE,
2026_05_TB_DAL,00-0039410,15,0.6394557823129252,0.7739647765614599,NFL-REC-RIDGE-NORMALSD-ISO-v1,2024-25-WALKFORWARD-ISO-v1,f1dca0a32f6c0e0d09190df22eaef89665800660e6602be76d586191896978cf,2026-10-05T22:32:00.023474+00:00,32.56458431742888,23.358161397828415,WR,28,4,6.333333333333333,19159,WARN,THRESHOLD_OUTSIDE_VALIDATED_30_150_RANGE,
2026_05_TB_DAL,00-0036997,60,0.0610138248847926,0.03982719700174369,NFL-REC-RIDGE-NORMALSD-ISO-v1,2024-25-WALKFORWARD-ISO-v1,f1dca0a32f6c0e0d09190df22eaef89665800660e6602be76d586191896978cf,2026-10-05T22:32:00.023474+00:00,19.0602699712081,23.358161397828415,RB,57,4,4.0,19159,PASS,,
2026_05_TB_DAL,00-0036997,50,0.0905911157747464,0.09265541269475698,NFL-REC-RIDGE-NORMALSD-ISO-v1,2024-25-WALKFORWARD-ISO-v1,f1dca0a32f6c0e0d09190df22eaef89665800660e6602be76d586191896978cf,2026-10-05T22:32:00.023474+00:00,19.0602699712081,23.358161397828415,RB,57,4,4.0,19159,PASS,,
2026_05_TB_DAL,00-0036997,40,0.1613958560523446,0.18500273689983793,NFL-REC-RIDGE-NORMALSD-ISO-v1,2024-25-WALKFORWARD-ISO-v1,f1dca0a32f6c0e0d09190df22eaef89665800660e6602be76d586191896978cf,2026-10-05T22:32:00.023474+00:00,19.0602699712081,23.358161397828415,RB,57,4,4.0,19159,PASS,,
2026_05_TB_DAL,00-0036997,25,0.3602584814216478,0.3996360407481344,NFL-REC-RIDGE-NORMALSD-ISO-v1,2024-25-WALKFORWARD-ISO-v1,f1dca0a32f6c0e0d09190df22eaef89665800660e6602be76d586191896978cf,2026-10-05T22:32:00.023474+00:00,19.0602699712081,23.358161397828415,RB,57,4,4.0,19159,WARN,THRESHOLD_OUTSIDE_VALIDATED_30_150_RANGE,
2026_05_TB_DAL,00-0036997,15,0.4953703703703703,0.5689991338243662,NFL-REC-RIDGE-NORMALSD-ISO-v1,2024-25-WALKFORWARD-ISO-v1,f1dca0a32f6c0e0d09190df22eaef89665800660e6602be76d586191896978cf,2026-10-05T22:32:00.023474+00:00,19.0602699712081,23.358161397828415,RB,57,4,4.0,19159,WARN,THRESHOLD_OUTSIDE_VALIDATED_30_150_RANGE,
2026_05_TB_DAL,00-0038041,80,0.0360138135175135,0.011926541498777614,NFL-REC-RIDGE-NORMALSD-ISO-v1,2024-25-WALKFORWARD-ISO-v1,f1dca0a32f6c0e0d09190df22eaef89665800660e6602be76d586191896978cf,2026-10-05T22:32:00.023474+00:00,27.22252855549287,23.358161397828415,TE,63,4,4.333333333333333,19159,PASS,,
2026_05_TB_DAL,00-0038041,70,0.0533141210374639,0.03352255492205994,NFL-REC-RIDGE-NORMALSD-ISO-v1,2024-25-WALKFORWARD-ISO-v1,f1dca0a32f6c0e0d09190df22eaef89665800660e6602be76d586191896978cf,2026-10-05T22:32:00.023474+00:00,27.22252855549287,23.358161397828415,TE,63,4,4.333333333333333,19159,PASS,,
2026_05_TB_DAL,00-0038041,60,0.0865758754863813,0.08027031234062353,NFL-REC-RIDGE-NORMALSD-ISO-v1,2024-25-WALKFORWARD-ISO-v1,f1dca0a32f6c0e0d09190df22eaef89665800660e6602be76d586191896978cf,2026-10-05T22:32:00.023474+00:00,27.22252855549287,23.358161397828415,TE,63,4,4.333333333333333,19159,PASS,,
2026_05_TB_DAL,00-0038041,50,0.125,0.1647454740757644,NFL-REC-RIDGE-NORMALSD-ISO-v1,2024-25-WALKFORWARD-ISO-v1,f1dca0a32f6c0e0d09190df22eaef89665800660e6602be76d586191896978cf,2026-10-05T22:32:00.023474+00:00,27.22252855549287,23.358161397828415,TE,63,4,4.333333333333333,19159,PASS,,
2026_05_TB_DAL,00-0038041,40,0.2427184466019417,0.29218117243757774,NFL-REC-RIDGE-NORMALSD-ISO-v1,2024-25-WALKFORWARD-ISO-v1,f1dca0a32f6c0e0d09190df22eaef89665800660e6602be76d586191896978cf,2026-10-05T22:32:00.023474+00:00,27.22252855549287,23.358161397828415,TE,63,4,4.333333333333333,19159,PASS,,
2026_05_TB_DAL,00-0038041,25,0.4647377938517179,0.5379021495040596,NFL-REC-RIDGE-NORMALSD-ISO-v1,2024-25-WALKFORWARD-ISO-v1,f1dca0a32f6c0e0d09190df22eaef89665800660e6602be76d586191896978cf,2026-10-05T22:32:00.023474+00:00,27.22252855549287,23.358161397828415,TE,63,4,4.333333333333333,19159,WARN,THRESHOLD_OUTSIDE_VALIDATED_30_150_RANGE,
2026_05_TB_DAL,00-0038041,15,0.5808823529411765,0.6996053744652294,NFL-REC-RIDGE-NORMALSD-ISO-v1,2024-25-WALKFORWARD-ISO-v1,f1dca0a32f6c0e0d09190df22eaef89665800660e6602be76d586191896978cf,2026-10-05T22:32:00.023474+00:00,27.22252855549287,23.358161397828415,TE,63,4,4.333333333333333,19159,WARN,THRESHOLD_OUTSIDE_VALIDATED_30_150_RANGE,
2026_05_TB_DAL,00-0037247,90,0.0610138248847926,0.04996704082005625,NFL-REC-RIDGE-NORMALSD-ISO-v1,2024-25-WALKFORWARD-ISO-v1,f1dca0a32f6c0e0d09190df22eaef89665800660e6602be76d586191896978cf,2026-10-05T22:32:00.023474+00:00,51.57177694760084,23.358161397828415,WR,69,4,7.333333333333333,19159,PASS,,HIGH_VOLUME_WR_MODEL_HISTORICALLY_CONSERVATIVE
2026_05_TB_DAL,00-0037247,80,0.0977596741344195,0.11179118972583202,NFL-REC-RIDGE-NORMALSD-ISO-v1,2024-25-WALKFORWARD-ISO-v1,f1dca0a32f6c0e0d09190df22eaef89665800660e6602be76d586191896978cf,2026-10-05T22:32:00.023474+00:00,51.57177694760084,23.358161397828415,WR,69,4,7.333333333333333,19159,PASS,,HIGH_VOLUME_WR_MODEL_HISTORICALLY_CONSERVATIVE
2026_05_TB_DAL,00-0037247,70,0.171238570241064,0.2150730973474119,NFL-REC-RIDGE-NORMALSD-ISO-v1,2024-25-WALKFORWARD-ISO-v1,f1dca0a32f6c0e0d09190df22eaef89665800660e6602be76d586191896978cf,2026-10-05T22:32:00.023474+00:00,51.57177694760084,23.358161397828415,WR,69,4,7.333333333333333,19159,PASS,,HIGH_VOLUME_WR_MODEL_HISTORICALLY_CONSERVATIVE
2026_05_TB_DAL,00-0037247,60,0.3297045101088648,0.35911490487268505,NFL-REC-RIDGE-NORMALSD-ISO-v1,2024-25-WALKFORWARD-ISO-v1,f1dca0a32f6c0e0d09190df22eaef89665800660e6602be76d586191896978cf,2026-10-05T22:32:00.023474+00:00,51.57177694760084,23.358161397828415,WR,69,4,7.333333333333333,19159,PASS,,HIGH_VOLUME_WR_MODEL_HISTORICALLY_CONSERVATIVE
2026_05_TB_DAL,00-0037247,50,0.4647377938517179,0.5268246879516664,NFL-REC-RIDGE-NORMALSD-ISO-v1,2024-25-WALKFORWARD-ISO-v1,f1dca0a32f6c0e0d09190df22eaef89665800660e6602be76d586191896978cf,2026-10-05T22:32:00.023474+00:00,51.57177694760084,23.358161397828415,WR,69,4,7.333333333333333,19159,PASS,,HIGH_VOLUME_WR_MODEL_HISTORICALLY_CONSERVATIVE
2026_05_TB_DAL,00-0037247,40,0.5808823529411765,0.6898432748902767,NFL-REC-RIDGE-NORMALSD-ISO-v1,2024-25-WALKFORWARD-ISO-v1,f1dca0a32f6c0e0d09190df22eaef89665800660e6602be76d586191896978cf,2026-10-05T22:32:00.023474+00:00,51.57177694760084,23.358161397828415,WR,69,4,7.333333333333333,19159,PASS,,HIGH_VOLUME_WR_MODEL_HISTORICALLY_CONSERVATIVE
2026_05_TB_DAL,00-0037247,140,0.0047830543218312,7.662200225280733e-05,NFL-REC-RIDGE-NORMALSD-ISO-v1,2024-25-WALKFORWARD-ISO-v1,f1dca0a32f6c0e0d09190df22eaef89665800660e6602be76d586191896978cf,2026-10-05T22:32:00.023474+00:00,51.57177694760084,23.358161397828415,WR,69,4,7.333333333333333,19159,PASS,,HIGH_VOLUME_WR_MODEL_HISTORICALLY_CONSERVATIVE
2026_05_TB_DAL,00-0037247,130,0.0078340345277818,0.0003930591181077779,NFL-REC-RIDGE-NORMALSD-ISO-v1,2024-25-WALKFORWARD-ISO-v1,f1dca0a32f6c0e0d09190df22eaef89665800660e6602be76d586191896978cf,2026-10-05T22:32:00.023474+00:00,51.57177694760084,23.358161397828415,WR,69,4,7.333333333333333,19159,PASS,,HIGH_VOLUME_WR_MODEL_HISTORICALLY_CONSERVATIVE
2026_05_TB_DAL,00-0037247,120,0.0133852140077821,0.0016974246651600472,NFL-REC-RIDGE-NORMALSD-ISO-v1,2024-25-WALKFORWARD-ISO-v1,f1dca0a32f6c0e0d09190df22eaef89665800660e6602be76d586191896978cf,2026-10-05T22:32:00.023474+00:00,51.57177694760084,23.358161397828415,WR,69,4,7.333333333333333,19159,PASS,,HIGH_VOLUME_WR_MODEL_HISTORICALLY_CONSERVATIVE
2026_05_TB_DAL,00-0037247,110,0.0261011419249592,0.0061850802698728636,NFL-REC-RIDGE-NORMALSD-ISO-v1,2024-25-WALKFORWARD-ISO-v1,f1dca0a32f6c0e0d09190df22eaef89665800660e6602be76d586191896978cf,2026-10-05T22:32:00.023474+00:00,51.57177694760084,23.358161397828415,WR,69,4,7.333333333333333,19159,PASS,,HIGH_VOLUME_WR_MODEL_HISTORICALLY_CONSERVATIVE
2026_05_TB_DAL,00-0037247,100,0.0388931591083781,0.01907268800497915,NFL-REC-RIDGE-NORMALSD-ISO-v1,2024-25-WALKFORWARD-ISO-v1,f1dca0a32f6c0e0d09190df22eaef89665800660e6602be76d586191896978cf,2026-10-05T22:32:00.023474+00:00,51.57177694760084,23.358161397828415,WR,69,4,7.333333333333333,19159,PASS,,HIGH_VOLUME_WR_MODEL_HISTORICALLY_CONSERVATIVE
2026_05_TB_DAL,00-0036358,90,0.4647377938517179,0.5320882348423466,NFL-REC-RIDGE-NORMALSD-ISO-v1,2024-25-WALKFORWARD-ISO-v1,f1dca0a32f6c0e0d09190df22eaef89665800660e6602be76d586191896978cf,2026-10-05T22:32:00.023474+00:00,91.88080385098172,23.358161397828415,WR,66,4,12.666666666666666,19159,PASS,,HIGH_VOLUME_WR_MODEL_HISTORICALLY_CONSERVATIVE
2026_05_TB_DAL,00-0036358,80,0.5808823529411765,0.6944963359700077,NFL-REC-RIDGE-NORMALSD-ISO-v1,2024-25-WALKFORWARD-ISO-v1,f1dca0a32f6c0e0d09190df22eaef89665800660e6602be76d586191896978cf,2026-10-05T22:32:00.023474+00:00,91.88080385098172,23.358161397828415,WR,66,4,12.666666666666666,19159,PASS,,HIGH_VOLUME_WR_MODEL_HISTORICALLY_CONSERVATIVE
2026_05_TB_DAL,00-0036358,70,0.6842105263157895,0.825556923307017,NFL-REC-RIDGE-NORMALSD-ISO-v1,2024-25-WALKFORWARD-ISO-v1,f1dca0a32f6c0e0d09190df22eaef89665800660e6602be76d586191896978cf,2026-10-05T22:32:00.023474+00:00,91.88080385098172,23.358161397828415,WR,66,4,12.666666666666666,19159,PASS,,HIGH_VOLUME_WR_MODEL_HISTORICALLY_CONSERVATIVE
2026_05_TB_DAL,00-0036358,60,0.7682926829268293,0.913852707852447,NFL-REC-RIDGE-NORMALSD-ISO-v1,2024-25-WALKFORWARD-ISO-v1,f1dca0a32f6c0e0d09190df22eaef89665800660e6602be76d586191896978cf,2026-10-05T22:32:00.023474+00:00,91.88080385098172,23.358161397828415,WR,66,4,12.666666666666666,19159,PASS,,HIGH_VOLUME_WR_MODEL_HISTORICALLY_CONSERVATIVE
2026_05_TB_DAL,00-0036358,50,0.8466076696165191,0.9635122388884358,NFL-REC-RIDGE-NORMALSD-ISO-v1,2024-25-WALKFORWARD-ISO-v1,f1dca0a32f6c0e0d09190df22eaef89665800660e6602be76d586191896978cf,2026-10-05T22:32:00.023474+00:00,91.88080385098172,23.358161397828415,WR,66,4,12.666666666666666,19159,PASS,,HIGH_VOLUME_WR_MODEL_HISTORICALLY_CONSERVATIVE
2026_05_TB_DAL,00-0036358,40,0.9047619047619048,0.9868278932569582,NFL-REC-RIDGE-NORMALSD-ISO-v1,2024-25-WALKFORWARD-ISO-v1,f1dca0a32f6c0e0d09190df22eaef89665800660e6602be76d586191896978cf,2026-10-05T22:32:00.023474+00:00,91.88080385098172,23.358161397828415,WR,66,4,12.666666666666666,19159,PASS,,HIGH_VOLUME_WR_MODEL_HISTORICALLY_CONSERVATIVE
2026_05_TB_DAL,00-0036358,160,0.0172413793103448,0.001771099697651237,NFL-REC-RIDGE-NORMALSD-ISO-v1,2024-25-WALKFORWARD-ISO-v1,f1dca0a32f6c0e0d09190df22eaef89665800660e6602be76d586191896978cf,2026-10-05T22:32:00.023474+00:00,91.88080385098172,23.358161397828415,WR,66,4,12.666666666666666,19159,WARN,THRESHOLD_OUTSIDE_VALIDATED_30_150_RANGE,HIGH_VOLUME_WR_MODEL_HISTORICALLY_CONSERVATIVE
2026_05_TB_DAL,00-0036358,150,0.0261011419249592,0.0064200244455602075,NFL-REC-RIDGE-NORMALSD-ISO-v1,2024-25-WALKFORWARD-ISO-v1,f1dca0a32f6c0e0d09190df22eaef89665800660e6602be76d586191896978cf,2026-10-05T22:32:00.023474+00:00,91.88080385098172,23.358161397828415,WR,66,4,12.666666666666666,19159,PASS,,HIGH_VOLUME_WR_MODEL_HISTORICALLY_CONSERVATIVE
2026_05_TB_DAL,00-0036358,140,0.0388931591083781,0.019696439074449682,NFL-REC-RIDGE-NORMALSD-ISO-v1,2024-25-WALKFORWARD-ISO-v1,f1dca0a32f6c0e0d09190df22eaef89665800660e6602be76d586191896978cf,2026-10-05T22:32:00.023474+00:00,91.88080385098172,23.358161397828415,WR,66,4,12.666666666666666,19159,PASS,,HIGH_VOLUME_WR_MODEL_HISTORICALLY_CONSERVATIVE
2026_05_TB_DAL,00-0036358,130,0.0610138248847926,0.051345710409666345,NFL-REC-RIDGE-NORMALSD-ISO-v1,2024-25-WALKFORWARD-ISO-v1,f1dca0a32f6c0e0d09190df22eaef89665800660e6602be76d586191896978cf,2026-10-05T22:32:00.023474+00:00,91.88080385098172,23.358161397828415,WR,66,4,12.666666666666666,19159,PASS,,HIGH_VOLUME_WR_MODEL_HISTORICALLY_CONSERVATIVE
2026_05_TB_DAL,00-0036358,120,0.0977596741344195,0.11432813653585265,NFL-REC-RIDGE-NORMALSD-ISO-v1,2024-25-WALKFORWARD-ISO-v1,f1dca0a32f6c0e0d09190df22eaef89665800660e6602be76d586191896978cf,2026-10-05T22:32:00.023474+00:00,91.88080385098172,23.358161397828415,WR,66,4,12.666666666666666,19159,PASS,,HIGH_VOLUME_WR_MODEL_HISTORICALLY_CONSERVATIVE
2026_05_TB_DAL,00-0036358,110,0.171238570241064,0.2189596521906706,NFL-REC-RIDGE-NORMALSD-ISO-v1,2024-25-WALKFORWARD-ISO-v1,f1dca0a32f6c0e0d09190df22eaef89665800660e6602be76d586191896978cf,2026-10-05T22:32:00.023474+00:00,91.88080385098172,23.358161397828415,WR,66,4,12.666666666666666,19159,PASS,,HIGH_VOLUME_WR_MODEL_HISTORICALLY_CONSERVATIVE
2026_05_TB_DAL,00-0036358,100,0.3297045101088648,0.36407192305486635,NFL-REC-RIDGE-NORMALSD-ISO-v1,2024-25-WALKFORWARD-ISO-v1,f1dca0a32f6c0e0d09190df22eaef89665800660e6602be76d586191896978cf,2026-10-05T22:32:00.023474+00:00,91.88080385098172,23.358161397828415,WR,66,4,12.666666666666666,19159,PASS,,HIGH_VOLUME_WR_MODEL_HISTORICALLY_CONSERVATIVE
2026_04_ATL_NO,00-0035208,40,0.1647597254004576,0.202915698890508,NFL-REC-RIDGE-NORMALSD-ISO-v1,2024-25-WALKFORWARD-ISO-v1,f1dca0a32f6c0e0d09190df22eaef89665800660e6602be76d586191896978cf,2026-10-05T22:32:00.023474+00:00,20.583486305636182,23.358161397828415,WR,60,3,2.0,18875,PASS,,
2026_04_ATL_NO,00-0035208,25,0.3602584814216478,0.42501585448518026,NFL-REC-RIDGE-NORMALSD-ISO-v1,2024-25-WALKFORWARD-ISO-v1,f1dca0a32f6c0e0d09190df22eaef89665800660e6602be76d586191896978cf,2026-10-05T22:32:00.023474+00:00,20.583486305636182,23.358161397828415,WR,60,3,2.0,18875,WARN,THRESHOLD_OUTSIDE_VALIDATED_30_150_RANGE,
2026_04_ATL_NO,00-0035208,15,0.5065123010130245,0.5944619103409465,NFL-REC-RIDGE-NORMALSD-ISO-v1,2024-25-WALKFORWARD-ISO-v1,f1dca0a32f6c0e0d09190df22eaef89665800660e6602be76d586191896978cf,2026-10-05T22:32:00.023474+00:00,20.583486305636182,23.358161397828415,WR,60,3,2.0,18875,WARN,THRESHOLD_OUTSIDE_VALIDATED_30_150_RANGE,
2026_04_ATL_NO,00-0035644,70,0.0388931591083781,0.021868057889680454,NFL-REC-RIDGE-NORMALSD-ISO-v1,2024-25-WALKFORWARD-ISO-v1,f1dca0a32f6c0e0d09190df22eaef89665800660e6602be76d586191896978cf,2026-10-05T22:32:00.023474+00:00,22.89567290537585,23.358161397828415,TE,62,3,4.0,18875,PASS,,
2026_04_ATL_NO,00-0035644,60,0.0610138248847926,0.056087203605293644,NFL-REC-RIDGE-NORMALSD-ISO-v1,2024-25-WALKFORWARD-ISO-v1,f1dca0a32f6c0e0d09190df22eaef89665800660e6602be76d586191896978cf,2026-10-05T22:32:00.023474+00:00,22.89567290537585,23.358161397828415,TE,62,3,4.0,18875,PASS,,
2026_04_ATL_NO,00-0035644,50,0.102890739833415,0.12294720434251749,NFL-REC-RIDGE-NORMALSD-ISO-v1,2024-25-WALKFORWARD-ISO-v1,f1dca0a32f6c0e0d09190df22eaef89665800660e6602be76d586191896978cf,2026-10-05T22:32:00.023474+00:00,22.89567290537585,23.358161397828415,TE,62,3,4.0,18875,PASS,,
2026_04_ATL_NO,00-0035644,40,0.1714285714285714,0.23200390160724937,NFL-REC-RIDGE-NORMALSD-ISO-v1,2024-25-WALKFORWARD-ISO-v1,f1dca0a32f6c0e0d09190df22eaef89665800660e6602be76d586191896978cf,2026-10-05T22:32:00.023474+00:00,22.89567290537585,23.358161397828415,TE,62,3,4.0,18875,PASS,,
2026_04_ATL_NO,00-0035644,25,0.4221732745961821,0.4641080122902998,NFL-REC-RIDGE-NORMALSD-ISO-v1,2024-25-WALKFORWARD-ISO-v1,f1dca0a32f6c0e0d09190df22eaef89665800660e6602be76d586191896978cf,2026-10-05T22:32:00.023474+00:00,22.89567290537585,23.358161397828415,TE,62,3,4.0,18875,WARN,THRESHOLD_OUTSIDE_VALIDATED_30_150_RANGE,
2026_04_ATL_NO,00-0035644,15,0.5654101995565411,0.6323283162477185,NFL-REC-RIDGE-NORMALSD-ISO-v1,2024-25-WALKFORWARD-ISO-v1,f1dca0a32f6c0e0d09190df22eaef89665800660e6602be76d586191896978cf,2026-10-05T22:32:00.023474+00:00,22.89567290537585,23.358161397828415,TE,62,3,4.0,18875,WARN,THRESHOLD_OUTSIDE_VALIDATED_30_150_RANGE,
2026_04_ATL_NO,00-0036040,90,0.0388931591083781,0.01992712359155992,NFL-REC-RIDGE-NORMALSD-ISO-v1,2024-25-WALKFORWARD-ISO-v1,f1dca0a32f6c0e0d09190df22eaef89665800660e6602be76d586191896978cf,2026-10-05T22:32:00.023474+00:00,41.99298954513638,23.358161397828415,TE,64,3,6.333333333333333,18875,PASS,,
2026_04_ATL_NO,00-0036040,80,0.0610138248847926,0.051853630395800876,NFL-REC-RIDGE-NORMALSD-ISO-v1,2024-25-WALKFORWARD-ISO-v1,f1dca0a32f6c0e0d09190df22eaef89665800660e6602be76d586191896978cf,2026-10-05T22:32:00.023474+00:00,41.99298954513638,23.358161397828415,TE,64,3,6.333333333333333,18875,PASS,,
2026_04_ATL_NO,00-0036040,70,0.0977596741344195,0.11525918743191013,NFL-REC-RIDGE-NORMALSD-ISO-v1,2024-25-WALKFORWARD-ISO-v1,f1dca0a32f6c0e0d09190df22eaef89665800660e6602be76d586191896978cf,2026-10-05T22:32:00.023474+00:00,41.99298954513638,23.358161397828415,TE,64,3,6.333333333333333,18875,PASS,,
2026_04_ATL_NO,00-0036040,60,0.171238570241064,0.22038051716132379,NFL-REC-RIDGE-NORMALSD-ISO-v1,2024-25-WALKFORWARD-ISO-v1,f1dca0a32f6c0e0d09190df22eaef89665800660e6602be76d586191896978cf,2026-10-05T22:32:00.023474+00:00,41.99298954513638,23.358161397828415,TE,64,3,6.333333333333333,18875,PASS,,
2026_04_ATL_NO,00-0036040,50,0.3297045101088648,0.36587715685938405,NFL-REC-RIDGE-NORMALSD-ISO-v1,2024-25-WALKFORWARD-ISO-v1,f1dca0a32f6c0e0d09190df22eaef89665800660e6602be76d586191896978cf,2026-10-05T22:32:00.023474+00:00,41.99298954513638,23.358161397828415,TE,64,3,6.333333333333333,18875,PASS,,
2026_04_ATL_NO,00-0036040,40,0.4647377938517179,0.5339977159783869,NFL-REC-RIDGE-NORMALSD-ISO-v1,2024-25-WALKFORWARD-ISO-v1,f1dca0a32f6c0e0d09190df22eaef89665800660e6602be76d586191896978cf,2026-10-05T22:32:00.023474+00:00,41.99298954513638,23.358161397828415,TE,64,3,6.333333333333333,18875,PASS,,
2026_04_ATL_NO,00-0036040,25,0.6394557823129252,0.7665391871111633,NFL-REC-RIDGE-NORMALSD-ISO-v1,2024-25-WALKFORWARD-ISO-v1,f1dca0a32f6c0e0d09190df22eaef89665800660e6602be76d586191896978cf,2026-10-05T22:32:00.023474+00:00,41.99298954513638,23.358161397828415,TE,64,3,6.333333333333333,18875,WARN,THRESHOLD_OUTSIDE_VALIDATED_30_150_RANGE,
2026_04_ATL_NO,00-0036040,15,0.7670454545454546,0.8760802084121702,NFL-REC-RIDGE-NORMALSD-ISO-v1,2024-25-WALKFORWARD-ISO-v1,f1dca0a32f6c0e0d09190df22eaef89665800660e6602be76d586191896978cf,2026-10-05T22:32:00.023474+00:00,41.99298954513638,23.358161397828415,TE,64,3,6.333333333333333,18875,WARN,THRESHOLD_OUTSIDE_VALIDATED_30_150_RANGE,
2026_04_ATL_NO,00-0036040,110,0.0172413793103448,0.0017985576742699785,NFL-REC-RIDGE-NORMALSD-ISO-v1,2024-25-WALKFORWARD-ISO-v1,f1dca0a32f6c0e0d09190df22eaef89665800660e6602be76d586191896978cf,2026-10-05T22:32:00.023474+00:00,41.99298954513638,23.358161397828415,TE,64,3,6.333333333333333,18875,PASS,,
2026_04_ATL_NO,00-0036040,100,0.0261011419249592,0.006507249822808551,NFL-REC-RIDGE-NORMALSD-ISO-v1,2024-25-WALKFORWARD-ISO-v1,f1dca0a32f6c0e0d09190df22eaef89665800660e6602be76d586191896978cf,2026-10-05T22:32:00.023474+00:00,41.99298954513638,23.358161397828415,TE,64,3,6.333333333333333,18875,PASS,,
2026_04_ATL_NO,00-0039424,90,0.0388931591083781,0.025009535900682858,NFL-REC-RIDGE-NORMALSD-ISO-v1,2024-25-WALKFORWARD-ISO-v1,f1dca0a32f6c0e0d09190df22eaef89665800660e6602be76d586191896978cf,2026-10-05T22:32:00.023474+00:00,44.222655424804614,23.358161397828415,WR,25,3,7.333333333333333,18875,PASS,,HIGH_VOLUME_WR_MODEL_HISTORICALLY_CONSERVATIVE
2026_04_ATL_NO,00-0039424,80,0.0685772773797338,0.06280009741862214,NFL-REC-RIDGE-NORMALSD-ISO-v1,2024-25-WALKFORWARD-ISO-v1,f1dca0a32f6c0e0d09190df22eaef89665800660e6602be76d586191896978cf,2026-10-05T22:32:00.023474+00:00,44.222655424804614,23.358161397828415,WR,25,3,7.333333333333333,18875,PASS,,HIGH_VOLUME_WR_MODEL_HISTORICALLY_CONSERVATIVE
2026_04_ATL_NO,00-0039424,70,0.102890739833415,0.13489005605269494,NFL-REC-RIDGE-NORMALSD-ISO-v1,2024-25-WALKFORWARD-ISO-v1,f1dca0a32f6c0e0d09190df22eaef89665800660e6602be76d586191896978cf,2026-10-05T22:32:00.023474+00:00,44.222655424804614,23.358161397828415,WR,25,3,7.333333333333333,18875,PASS,,HIGH_VOLUME_WR_MODEL_HISTORICALLY_CONSERVATIVE
2026_04_ATL_NO,00-0039424,60,0.2124183006535947,0.24969394162988795,NFL-REC-RIDGE-NORMALSD-ISO-v1,2024-25-WALKFORWARD-ISO-v1,f1dca0a32f6c0e0d09190df22eaef89665800660e6602be76d586191896978cf,2026-10-05T22:32:00.023474+00:00,44.222655424804614,23.358161397828415,WR,25,3,7.333333333333333,18875,PASS,,HIGH_VOLUME_WR_MODEL_HISTORICALLY_CONSERVATIVE
2026_04_ATL_NO,00-0039424,50,0.3602584814216478,0.4023235970190879,NFL-REC-RIDGE-NORMALSD-ISO-v1,2024-25-WALKFORWARD-ISO-v1,f1dca0a32f6c0e0d09190df22eaef89665800660e6602be76d586191896978cf,2026-10-05T22:32:00.023474+00:00,44.222655424804614,23.358161397828415,WR,25,3,7.333333333333333,18875,PASS,,HIGH_VOLUME_WR_MODEL_HISTORICALLY_CONSERVATIVE
2026_04_ATL_NO,00-0039424,40,0.4953703703703703,0.5717293145733602,NFL-REC-RIDGE-NORMALSD-ISO-v1,2024-25-WALKFORWARD-ISO-v1,f1dca0a32f6c0e0d09190df22eaef89665800660e6602be76d586191896978cf,2026-10-05T22:32:00.023474+00:00,44.222655424804614,23.358161397828415,WR,25,3,7.333333333333333,18875,PASS,,HIGH_VOLUME_WR_MODEL_HISTORICALLY_CONSERVATIVE
2026_04_ATL_NO,00-0039424,25,0.6842105263157895,0.7947324740791061,NFL-REC-RIDGE-NORMALSD-ISO-v1,2024-25-WALKFORWARD-ISO-v1,f1dca0a32f6c0e0d09190df22eaef89665800660e6602be76d586191896978cf,2026-10-05T22:32:00.023474+00:00,44.222655424804614,23.358161397828415,WR,25,3,7.333333333333333,18875,WARN,THRESHOLD_OUTSIDE_VALIDATED_30_150_RANGE,HIGH_VOLUME_WR_MODEL_HISTORICALLY_CONSERVATIVE
2026_04_ATL_NO,00-0039424,120,0.012386850881372,0.0005890115360851547,NFL-REC-RIDGE-NORMALSD-ISO-v1,2024-25-WALKFORWARD-ISO-v1,f1dca0a32f6c0e0d09190df22eaef89665800660e6602be76d586191896978cf,2026-10-05T22:32:00.023474+00:00,44.222655424804614,23.358161397828415,WR,25,3,7.333333333333333,18875,PASS,,HIGH_VOLUME_WR_MODEL_HISTORICALLY_CONSERVATIVE
2026_04_ATL_NO,00-0039424,110,0.0179487179487179,0.0024310364430515513,NFL-REC-RIDGE-NORMALSD-ISO-v1,2024-25-WALKFORWARD-ISO-v1,f1dca0a32f6c0e0d09190df22eaef89665800660e6602be76d586191896978cf,2026-10-05T22:32:00.023474+00:00,44.222655424804614,23.358161397828415,WR,25,3,7.333333333333333,18875,PASS,,HIGH_VOLUME_WR_MODEL_HISTORICALLY_CONSERVATIVE
2026_04_ATL_NO,00-0039424,100,0.0261011419249592,0.008472090034695259,NFL-REC-RIDGE-NORMALSD-ISO-v1,2024-25-WALKFORWARD-ISO-v1,f1dca0a32f6c0e0d09190df22eaef89665800660e6602be76d586191896978cf,2026-10-05T22:32:00.023474+00:00,44.222655424804614,23.358161397828415,WR,25,3,7.333333333333333,18875,PASS,,HIGH_VOLUME_WR_MODEL_HISTORICALLY_CONSERVATIVE
2026_04_ATL_NO,00-0037239,90,0.3333333333333333,0.38098533545286917,NFL-REC-RIDGE-NORMALSD-ISO-v1,2024-25-WALKFORWARD-ISO-v1,f1dca0a32f6c0e0d09190df22eaef89665800660e6602be76d586191896978cf,2026-10-05T22:32:00.023474+00:00,82.92495388583527,23.358161397828415,WR,58,3,12.0,18875,PASS,,HIGH_VOLUME_WR_MODEL_HISTORICALLY_CONSERVATIVE
2026_04_ATL_NO,00-0037239,80,0.4953703703703703,0.5498260690616175,NFL-REC-RIDGE-NORMALSD-ISO-v1,2024-25-WALKFORWARD-ISO-v1,f1dca0a32f6c0e0d09190df22eaef89665800660e6602be76d586191896978cf,2026-10-05T22:32:00.023474+00:00,82.92495388583527,23.358161397828415,WR,58,3,12.0,18875,PASS,,HIGH_VOLUME_WR_MODEL_HISTORICALLY_CONSERVATIVE
2026_04_ATL_NO,00-0037239,70,0.6176470588235294,0.7099839426407394,NFL-REC-RIDGE-NORMALSD-ISO-v1,2024-25-WALKFORWARD-ISO-v1,f1dca0a32f6c0e0d09190df22eaef89665800660e6602be76d586191896978cf,2026-10-05T22:32:00.023474+00:00,82.92495388583527,23.358161397828415,WR,58,3,12.0,18875,PASS,,HIGH_VOLUME_WR_MODEL_HISTORICALLY_CONSERVATIVE
2026_04_ATL_NO,00-0037239,60,0.7243589743589742,0.8368154715987657,NFL-REC-RIDGE-NORMALSD-ISO-v1,2024-25-WALKFORWARD-ISO-v1,f1dca0a32f6c0e0d09190df22eaef89665800660e6602be76d586191896978cf,2026-10-05T22:32:00.023474+00:00,82.92495388583527,23.358161397828415,WR,58,3,12.0,18875,PASS,,HIGH_VOLUME_WR_MODEL_HISTORICALLY_CONSERVATIVE
2026_04_ATL_NO,00-0037239,50,0.8068181818181815,0.9206665935488649,NFL-REC-RIDGE-NORMALSD-ISO-v1,2024-25-WALKFORWARD-ISO-v1,f1dca0a32f6c0e0d09190df22eaef89665800660e6602be76d586191896978cf,2026-10-05T22:32:00.023474+00:00,82.92495388583527,23.358161397828415,WR,58,3,12.0,18875,PASS,,HIGH_VOLUME_WR_MODEL_HISTORICALLY_CONSERVATIVE
2026_04_ATL_NO,00-0037239,170,0.0076960076960076,9.65712125971643e-05,NFL-REC-RIDGE-NORMALSD-ISO-v1,2024-25-WALKFORWARD-ISO-v1,f1dca0a32f6c0e0d09190df22eaef89665800660e6602be76d586191896978cf,2026-10-05T22:32:00.023474+00:00,82.92495388583527,23.358161397828415,WR,58,3,12.0,18875,WARN,THRESHOLD_OUTSIDE_VALIDATED_30_150_RANGE,HIGH_VOLUME_WR_MODEL_HISTORICALLY_CONSERVATIVE
2026_04_ATL_NO,00-0037239,160,0.012386850881372,0.0004839322406358415,NFL-REC-RIDGE-NORMALSD-ISO-v1,2024-25-WALKFORWARD-ISO-v1,f1dca0a32f6c0e0d09190df22eaef89665800660e6602be76d586191896978cf,2026-10-05T22:32:00.023474+00:00,82.92495388583527,23.358161397828415,WR,58,3,12.0,18875,WARN,THRESHOLD_OUTSIDE_VALIDATED_30_150_RANGE,HIGH_VOLUME_WR_MODEL_HISTORICALLY_CONSERVATIVE
2026_04_ATL_NO,00-0037239,150,0.0179487179487179,0.0020420669196757465,NFL-REC-RIDGE-NORMALSD-ISO-v1,2024-25-WALKFORWARD-ISO-v1,f1dca0a32f6c0e0d09190df22eaef89665800660e6602be76d586191896978cf,2026-10-05T22:32:00.023474+00:00,82.92495388583527,23.358161397828415,WR,58,3,12.0,18875,PASS,,HIGH_VOLUME_WR_MODEL_HISTORICALLY_CONSERVATIVE
2026_04_ATL_NO,00-0037239,140,0.0261011419249592,0.0072733208924119904,NFL-REC-RIDGE-NORMALSD-ISO-v1,2024-25-WALKFORWARD-ISO-v1,f1dca0a32f6c0e0d09190df22eaef89665800660e6602be76d586191896978cf,2026-10-05T22:32:00.023474+00:00,82.92495388583527,23.358161397828415,WR,58,3,12.0,18875,PASS,,HIGH_VOLUME_WR_MODEL_HISTORICALLY_CONSERVATIVE
2026_04_ATL_NO,00-0037239,130,0.0388931591083781,0.021933601277213607,NFL-REC-RIDGE-NORMALSD-ISO-v1,2024-25-WALKFORWARD-ISO-v1,f1dca0a32f6c0e0d09190df22eaef89665800660e6602be76d586191896978cf,2026-10-05T22:32:00.023474+00:00,82.92495388583527,23.358161397828415,WR,58,3,12.0,18875,PASS,,HIGH_VOLUME_WR_MODEL_HISTORICALLY_CONSERVATIVE
2026_04_ATL_NO,00-0037239,120,0.0610138248847926,0.0562289650287182,NFL-REC-RIDGE-NORMALSD-ISO-v1,2024-25-WALKFORWARD-ISO-v1,f1dca0a32f6c0e0d09190df22eaef89665800660e6602be76d586191896978cf,2026-10-05T22:32:00.023474+00:00,82.92495388583527,23.358161397828415,WR,58,3,12.0,18875,PASS,,HIGH_VOLUME_WR_MODEL_HISTORICALLY_CONSERVATIVE
2026_04_ATL_NO,00-0037239,110,0.102890739833415,0.12320246763655868,NFL-REC-RIDGE-NORMALSD-ISO-v1,2024-25-WALKFORWARD-ISO-v1,f1dca0a32f6c0e0d09190df22eaef89665800660e6602be76d586191896978cf,2026-10-05T22:32:00.023474+00:00,82.92495388583527,23.358161397828415,WR,58,3,12.0,18875,PASS,,HIGH_VOLUME_WR_MODEL_HISTORICALLY_CONSERVATIVE
2026_04_ATL_NO,00-0037239,100,0.1923076923076923,0.23238656753571757,NFL-REC-RIDGE-NORMALSD-ISO-v1,2024-25-WALKFORWARD-ISO-v1,f1dca0a32f6c0e0d09190df22eaef89665800660e6602be76d586191896978cf,2026-10-05T22:32:00.023474+00:00,82.92495388583527,23.358161397828415,WR,58,3,12.0,18875,PASS,,HIGH_VOLUME_WR_MODEL_HISTORICALLY_CONSERVATIVE
2026_04_ATL_NO,00-0033906,70,0.0388931591083781,0.013085836547090533,NFL-REC-RIDGE-NORMALSD-ISO-v1,2024-25-WALKFORWARD-ISO-v1,f1dca0a32f6c0e0d09190df22eaef89665800660e6602be76d586191896978cf,2026-10-05T22:32:00.023474+00:00,18.059510407451842,23.358161397828415,RB,55,2,3.0,18875,PASS,,
2026_04_ATL_NO,00-0033906,60,0.0610138248847926,0.036283932984724036,NFL-REC-RIDGE-NORMALSD-ISO-v1,2024-25-WALKFORWARD-ISO-v1,f1dca0a32f6c0e0d09190df22eaef89665800660e6602be76d586191896978cf,2026-10-05T22:32:00.023474+00:00,18.059510407451842,23.358161397828415,RB,55,2,3.0,18875,PASS,,
2026_04_ATL_NO,00-0033906,50,0.0865758754863813,0.08574636210744613,NFL-REC-RIDGE-NORMALSD-ISO-v1,2024-25-WALKFORWARD-ISO-v1,f1dca0a32f6c0e0d09190df22eaef89665800660e6602be76d586191896978cf,2026-10-05T22:32:00.023474+00:00,18.059510407451842,23.358161397828415,RB,55,2,3.0,18875,PASS,,
2026_04_ATL_NO,00-0033906,40,0.125,0.17378651697073616,NFL-REC-RIDGE-NORMALSD-ISO-v1,2024-25-WALKFORWARD-ISO-v1,f1dca0a32f6c0e0d09190df22eaef89665800660e6602be76d586191896978cf,2026-10-05T22:32:00.023474+00:00,18.059510407451842,23.358161397828415,RB,55,2,3.0,18875,PASS,,
2026_04_ATL_NO,00-0033906,25,0.3333333333333333,0.38318233811275465,NFL-REC-RIDGE-NORMALSD-ISO-v1,2024-25-WALKFORWARD-ISO-v1,f1dca0a32f6c0e0d09190df22eaef89665800660e6602be76d586191896978cf,2026-10-05T22:32:00.023474+00:00,18.059510407451842,23.358161397828415,RB,55,2,3.0,18875,WARN,THRESHOLD_OUTSIDE_VALIDATED_30_150_RANGE,
2026_04_ATL_NO,00-0033906,15,0.4953703703703703,0.5521054249926906,NFL-REC-RIDGE-NORMALSD-ISO-v1,2024-25-WALKFORWARD-ISO-v1,f1dca0a32f6c0e0d09190df22eaef89665800660e6602be76d586191896978cf,2026-10-05T22:32:00.023474+00:00,18.059510407451842,23.358161397828415,RB,55,2,3.0,18875,WARN,THRESHOLD_OUTSIDE_VALIDATED_30_150_RANGE,
2026_04_ATL_NO,00-0037741,70,0.0610138248847926,0.044836537618753065,NFL-REC-RIDGE-NORMALSD-ISO-v1,2024-25-WALKFORWARD-ISO-v1,f1dca0a32f6c0e0d09190df22eaef89665800660e6602be76d586191896978cf,2026-10-05T22:32:00.023474+00:00,30.358285846852382,23.358161397828415,WR,61,3,3.3333333333333335,18875,PASS,,
2026_04_ATL_NO,00-0037741,60,0.0905911157747464,0.1022189490854652,NFL-REC-RIDGE-NORMALSD-ISO-v1,2024-25-WALKFORWARD-ISO-v1,f1dca0a32f6c0e0d09190df22eaef89665800660e6602be76d586191896978cf,2026-10-05T22:32:00.023474+00:00,30.358285846852382,23.358161397828415,WR,61,3,3.3333333333333335,18875,PASS,,
2026_04_ATL_NO,00-0037741,50,0.1647597254004576,0.20020394325035928,NFL-REC-RIDGE-NORMALSD-ISO-v1,2024-25-WALKFORWARD-ISO-v1,f1dca0a32f6c0e0d09190df22eaef89665800660e6602be76d586191896978cf,2026-10-05T22:32:00.023474+00:00,30.358285846852382,23.358161397828415,WR,61,3,3.3333333333333335,18875,PASS,,
2026_04_ATL_NO,00-0037741,40,0.2891566265060241,0.33988496492336745,NFL-REC-RIDGE-NORMALSD-ISO-v1,2024-25-WALKFORWARD-ISO-v1,f1dca0a32f6c0e0d09190df22eaef89665800660e6602be76d586191896978cf,2026-10-05T22:32:00.023474+00:00,30.358285846852382,23.358161397828415,WR,61,3,3.3333333333333335,18875,PASS,,
2026_04_ATL_NO,00-0037741,25,0.5065123010130245,0.5907197113111212,NFL-REC-RIDGE-NORMALSD-ISO-v1,2024-25-WALKFORWARD-ISO-v1,f1dca0a32f6c0e0d09190df22eaef89665800660e6602be76d586191896978cf,2026-10-05T22:32:00.023474+00:00,30.358285846852382,23.358161397828415,WR,61,3,3.3333333333333335,18875,WARN,THRESHOLD_OUTSIDE_VALIDATED_30_150_RANGE,
2026_04_ATL_NO,00-0037741,15,0.6296296296296297,0.7445743197502305,NFL-REC-RIDGE-NORMALSD-ISO-v1,2024-25-WALKFORWARD-ISO-v1,f1dca0a32f6c0e0d09190df22eaef89665800660e6602be76d586191896978cf,2026-10-05T22:32:00.023474+00:00,30.358285846852382,23.358161397828415,WR,61,3,3.3333333333333335,18875,WARN,THRESHOLD_OUTSIDE_VALIDATED_30_150_RANGE,
2026_04_ATL_NO,00-0037238,90,0.1647597254004576,0.19291036022586952,NFL-REC-RIDGE-NORMALSD-ISO-v1,2024-25-WALKFORWARD-ISO-v1,f1dca0a32f6c0e0d09190df22eaef89665800660e6602be76d586191896978cf,2026-10-05T22:32:00.023474+00:00,69.74330288689067,23.358161397828415,WR,65,3,6.333333333333333,18875,PASS,,
2026_04_ATL_NO,00-0037238,80,0.2838235294117647,0.33029254743619346,NFL-REC-RIDGE-NORMALSD-ISO-v1,2024-25-WALKFORWARD-ISO-v1,f1dca0a32f6c0e0d09190df22eaef89665800660e6602be76d586191896978cf,2026-10-05T22:32:00.023474+00:00,69.74330288689067,23.358161397828415,WR,65,3,6.333333333333333,18875,PASS,,
2026_04_ATL_NO,00-0037238,70,0.4221732745961821,0.4956158676766525,NFL-REC-RIDGE-NORMALSD-ISO-v1,2024-25-WALKFORWARD-ISO-v1,f1dca0a32f6c0e0d09190df22eaef89665800660e6602be76d586191896978cf,2026-10-05T22:32:00.023474+00:00,69.74330288689067,23.358161397828415,WR,65,3,6.333333333333333,18875,PASS,,
2026_04_ATL_NO,00-0037238,60,0.5654101995565411,0.6617069769187044,NFL-REC-RIDGE-NORMALSD-ISO-v1,2024-25-WALKFORWARD-ISO-v1,f1dca0a32f6c0e0d09190df22eaef89665800660e6602be76d586191896978cf,2026-10-05T22:32:00.023474+00:00,69.74330288689067,23.358161397828415,WR,65,3,6.333333333333333,18875,PASS,,
2026_04_ATL_NO,00-0037238,50,0.6842105263157895,0.8010121773574354,NFL-REC-RIDGE-NORMALSD-ISO-v1,2024-25-WALKFORWARD-ISO-v1,f1dca0a32f6c0e0d09190df22eaef89665800660e6602be76d586191896978cf,2026-10-05T22:32:00.023474+00:00,69.74330288689067,23.358161397828415,WR,65,3,6.333333333333333,18875,PASS,,
2026_04_ATL_NO,00-0037238,40,0.7681159420289855,0.898554492172985,NFL-REC-RIDGE-NORMALSD-ISO-v1,2024-25-WALKFORWARD-ISO-v1,f1dca0a32f6c0e0d09190df22eaef89665800660e6602be76d586191896978cf,2026-10-05T22:32:00.023474+00:00,69.74330288689067,23.358161397828415,WR,65,3,6.333333333333333,18875,PASS,,
2026_04_ATL_NO,00-0037238,170,0.0018915510718789,8.8476272636759e-06,NFL-REC-RIDGE-NORMALSD-ISO-v1,2024-25-WALKFORWARD-ISO-v1,f1dca0a32f6c0e0d09190df22eaef89665800660e6602be76d586191896978cf,2026-10-05T22:32:00.023474+00:00,69.74330288689067,23.358161397828415,WR,65,3,6.333333333333333,18875,WARN,THRESHOLD_OUTSIDE_VALIDATED_30_150_RANGE,
2026_04_ATL_NO,00-0037238,160,0.0047830543218312,5.5765163489395584e-05,NFL-REC-RIDGE-NORMALSD-ISO-v1,2024-25-WALKFORWARD-ISO-v1,f1dca0a32f6c0e0d09190df22eaef89665800660e6602be76d586191896978cf,2026-10-05T22:32:00.023474+00:00,69.74330288689067,23.358161397828415,WR,65,3,6.333333333333333,18875,WARN,THRESHOLD_OUTSIDE_VALIDATED_30_150_RANGE,
2026_04_ATL_NO,00-0037238,150,0.0078340345277818,0.00029527624576554986,NFL-REC-RIDGE-NORMALSD-ISO-v1,2024-25-WALKFORWARD-ISO-v1,f1dca0a32f6c0e0d09190df22eaef89665800660e6602be76d586191896978cf,2026-10-05T22:32:00.023474+00:00,69.74330288689067,23.358161397828415,WR,65,3,6.333333333333333,18875,PASS,,
2026_04_ATL_NO,00-0037238,140,0.0133852140077821,0.0013157277027954744,NFL-REC-RIDGE-NORMALSD-ISO-v1,2024-25-WALKFORWARD-ISO-v1,f1dca0a32f6c0e0d09190df22eaef89665800660e6602be76d586191896978cf,2026-10-05T22:32:00.023474+00:00,69.74330288689067,23.358161397828415,WR,65,3,6.333333333333333,18875,PASS,,
2026_04_ATL_NO,00-0037238,130,0.0261011419249592,0.00494452460107903,NFL-REC-RIDGE-NORMALSD-ISO-v1,2024-25-WALKFORWARD-ISO-v1,f1dca0a32f6c0e0d09190df22eaef89665800660e6602be76d586191896978cf,2026-10-05T22:32:00.023474+00:00,69.74330288689067,23.358161397828415,WR,65,3,6.333333333333333,18875,PASS,,
2026_04_ATL_NO,00-0037238,120,0.0388931591083781,0.015715656003682733,NFL-REC-RIDGE-NORMALSD-ISO-v1,2024-25-WALKFORWARD-ISO-v1,f1dca0a32f6c0e0d09190df22eaef89665800660e6602be76d586191896978cf,2026-10-05T22:32:00.023474+00:00,69.74330288689067,23.358161397828415,WR,65,3,6.333333333333333,18875,PASS,,
2026_04_ATL_NO,00-0037238,110,0.0610138248847926,0.04240330417148637,NFL-REC-RIDGE-NORMALSD-ISO-v1,2024-25-WALKFORWARD-ISO-v1,f1dca0a32f6c0e0d09190df22eaef89665800660e6602be76d586191896978cf,2026-10-05T22:32:00.023474+00:00,69.74330288689067,23.358161397828415,WR,65,3,6.333333333333333,18875,PASS,,
2026_04_ATL_NO,00-0037238,100,0.0905911157747464,0.09760195307218236,NFL-REC-RIDGE-NORMALSD-ISO-v1,2024-25-WALKFORWARD-ISO-v1,f1dca0a32f6c0e0d09190df22eaef89665800660e6602be76d586191896978cf,2026-10-05T22:32:00.023474+00:00,69.74330288689067,23.358161397828415,WR,65,3,6.333333333333333,18875,PASS,,
2026_04_ATL_NO,00-0038542,90,0.0261011419249592,0.00772415893320732,NFL-REC-RIDGE-NORMALSD-ISO-v1,2024-25-WALKFORWARD-ISO-v1,f1dca0a32f6c0e0d09190df22eaef89665800660e6602be76d586191896978cf,2026-10-05T22:32:00.023474+00:00,33.43366149953739,23.358161397828415,RB,54,3,5.333333333333333,18875,PASS,,
2026_04_ATL_NO,00-0038542,80,0.0388931591083781,0.02309904471250811,NFL-REC-RIDGE-NORMALSD-ISO-v1,2024-25-WALKFORWARD-ISO-v1,f1dca0a32f6c0e0d09190df22eaef89665800660e6602be76d586191896978cf,2026-10-05T22:32:00.023474+00:00,33.43366149953739,23.358161397828415,RB,54,3,5.333333333333333,18875,PASS,,
2026_04_ATL_NO,00-0038542,70,0.0610138248847926,0.05873718778500142,NFL-REC-RIDGE-NORMALSD-ISO-v1,2024-25-WALKFORWARD-ISO-v1,f1dca0a32f6c0e0d09190df22eaef89665800660e6602be76d586191896978cf,2026-10-05T22:32:00.023474+00:00,33.43366149953739,23.358161397828415,RB,54,3,5.333333333333333,18875,PASS,,
2026_04_ATL_NO,00-0038542,60,0.102890739833415,0.1276965938537589,NFL-REC-RIDGE-NORMALSD-ISO-v1,2024-25-WALKFORWARD-ISO-v1,f1dca0a32f6c0e0d09190df22eaef89665800660e6602be76d586191896978cf,2026-10-05T22:32:00.023474+00:00,33.43366149953739,23.358161397828415,RB,54,3,5.333333333333333,18875,PASS,,
2026_04_ATL_NO,00-0038542,50,0.1923076923076923,0.23909048540321037,NFL-REC-RIDGE-NORMALSD-ISO-v1,2024-25-WALKFORWARD-ISO-v1,f1dca0a32f6c0e0d09190df22eaef89665800660e6602be76d586191896978cf,2026-10-05T22:32:00.023474+00:00,33.43366149953739,23.358161397828415,RB,54,3,5.333333333333333,18875,PASS,,
2026_04_ATL_NO,00-0038542,40,0.3333333333333333,0.38931095118972725,NFL-REC-RIDGE-NORMALSD-ISO-v1,2024-25-WALKFORWARD-ISO-v1,f1dca0a32f6c0e0d09190df22eaef89665800660e6602be76d586191896978cf,2026-10-05T22:32:00.023474+00:00,33.43366149953739,23.358161397828415,RB,54,3,5.333333333333333,18875,PASS,,
2026_04_ATL_NO,00-0038542,25,0.5654101995565411,0.6409721226383982,NFL-REC-RIDGE-NORMALSD-ISO-v1,2024-25-WALKFORWARD-ISO-v1,f1dca0a32f6c0e0d09190df22eaef89665800660e6602be76d586191896978cf,2026-10-05T22:32:00.023474+00:00,33.43366149953739,23.358161397828415,RB,54,3,5.333333333333333,18875,WARN,THRESHOLD_OUTSIDE_VALIDATED_30_150_RANGE,
2026_04_ATL_NO,00-0038542,15,0.6527777777777778,0.784994940060034,NFL-REC-RIDGE-NORMALSD-ISO-v1,2024-25-WALKFORWARD-ISO-v1,f1dca0a32f6c0e0d09190df22eaef89665800660e6602be76d586191896978cf,2026-10-05T22:32:00.023474+00:00,33.43366149953739,23.358161397828415,RB,54,3,5.333333333333333,18875,WARN,THRESHOLD_OUTSIDE_VALIDATED_30_150_RANGE,
2026_04_ATL_NO,00-0038542,100,0.0179487179487179,0.002187262756888368,NFL-REC-RIDGE-NORMALSD-ISO-v1,2024-25-WALKFORWARD-ISO-v1,f1dca0a32f6c0e0d09190df22eaef89665800660e6602be76d586191896978cf,2026-10-05T22:32:00.023474+00:00,33.43366149953739,23.358161397828415,RB,54,3,5.333333333333333,18875,PASS,,
2026_04_ATL_NO,00-0032392,60,0.0610138248847926,0.043691043845623424,NFL-REC-RIDGE-NORMALSD-ISO-v1,2024-25-WALKFORWARD-ISO-v1,f1dca0a32f6c0e0d09190df22eaef89665800660e6602be76d586191896978cf,2026-10-05T22:32:00.023474+00:00,20.072215913288765,23.358161397828415,TE,65,2,2.3333333333333335,18875,PASS,,
2026_04_ATL_NO,00-0032392,50,0.0905911157747464,0.10005188373941293,NFL-REC-RIDGE-NORMALSD-ISO-v1,2024-25-WALKFORWARD-ISO-v1,f1dca0a32f6c0e0d09190df22eaef89665800660e6602be76d586191896978cf,2026-10-05T22:32:00.023474+00:00,20.072215913288765,23.358161397828415,TE,65,2,2.3333333333333335,18875,PASS,,
2026_04_ATL_NO,00-0032392,40,0.1647597254004576,0.1967908088604508,NFL-REC-RIDGE-NORMALSD-ISO-v1,2024-25-WALKFORWARD-ISO-v1,f1dca0a32f6c0e0d09190df22eaef89665800660e6602be76d586191896978cf,2026-10-05T22:32:00.023474+00:00,20.072215913288765,23.358161397828415,TE,65,2,2.3333333333333335,18875,PASS,,
2026_04_ATL_NO,00-0032392,25,0.3602584814216478,0.41645679744011227,NFL-REC-RIDGE-NORMALSD-ISO-v1,2024-25-WALKFORWARD-ISO-v1,f1dca0a32f6c0e0d09190df22eaef89665800660e6602be76d586191896978cf,2026-10-05T22:32:00.023474+00:00,20.072215913288765,23.358161397828415,TE,65,2,2.3333333333333335,18875,WARN,THRESHOLD_OUTSIDE_VALIDATED_30_150_RANGE,
2026_04_ATL_NO,00-0032392,15,0.5065123010130245,0.5859541280758872,NFL-REC-RIDGE-NORMALSD-ISO-v1,2024-25-WALKFORWARD-ISO-v1,f1dca0a32f6c0e0d09190df22eaef89665800660e6602be76d586191896978cf,2026-10-05T22:32:00.023474+00:00,20.072215913288765,23.358161397828415,TE,65,2,2.3333333333333335,18875,WARN,THRESHOLD_OUTSIDE_VALIDATED_30_150_RANGE,
