updated_at,game,kickoff_utc,market_ticker,player_name,player_id,threshold,yes_bid,yes_ask,no_bid,no_ask,projection,fair_yes,fair_no,yes_edge,no_edge,minutes_to_kickoff,entry_price,edge_required,size_units,market_qc_pass,model_available,action,max_contracts_at_1_unit
2026-09-29T01:35:11.111373+00:00,PIT@CLE,2026-10-02T00:15:00+00:00,KXNFLRECYDS-26OCT01PITCLE-PITDMETCALF4-80,DK Metcalf: 80+ receiving yards,00-0035640,80.0,0.13,0.17,0.83,0.87,48.22085190905344,0.0865758754863813,0.9134241245136188,-0.0834241245136187,0.04342412451361877,4239.2496633,0.87,0.02,1.0,True,True,BET_NOW_PAPER,1
2026-09-29T01:35:11.111373+00:00,PIT@CLE,2026-10-02T00:15:00+00:00,KXNFLRECYDS-26OCT01PITCLE-PITDMETCALF4-70,DK Metcalf: 70+ receiving yards,00-0035640,70.0,0.2,0.23,0.77,0.8,48.22085190905344,0.1613958560523446,0.8386041439476554,-0.0686041439476554,0.03860414394765532,4239.2496633,0.8,0.02,1.0,True,True,BET_NOW_PAPER,1
2026-09-29T01:35:11.111373+00:00,PIT@CLE,2026-10-02T00:15:00+00:00,KXNFLRECYDS-26OCT01PITCLE-PITJWARREN30-40,Jaylen Warren: 40+ receiving yards,00-0037228,40.0,0.2,0.23,0.77,0.8,22.658006789244077,0.171238570241064,0.828761429758936,-0.058761429758936,0.02876142975893592,4239.2496633,0.8,0.02,1.0,True,True,BET_NOW_PAPER,1
2026-09-29T01:35:11.111373+00:00,PIT@CLE,2026-10-02T00:15:00+00:00,KXNFLRECYDS-26OCT01PITCLE-PITDWASHINGTON80-25,Darnell Washington: 25+ receiving yards,,,0.3,0.32,0.6799999999999999,0.7,,,,,,4239.2496633,0.7,0.02,1.0,True,False,PASS_MODEL_UNAVAILABLE,1
2026-09-29T01:35:11.111373+00:00,PIT@CLE,2026-10-02T00:15:00+00:00,KXNFLRECYDS-26OCT01PITCLE-PITDWASHINGTON80-15,Darnell Washington: 15+ receiving yards,,,0.5,0.53,0.47,0.5,,,,,,4239.2496633,0.5,0.02,1.0,True,False,PASS_MODEL_UNAVAILABLE,2
2026-09-29T01:35:11.111373+00:00,PIT@CLE,2026-10-02T00:15:00+00:00,KXNFLRECYDS-26OCT01PITCLE-PITJWARREN30-25,Jaylen Warren: 25+ receiving yards,,,0.41,0.45,0.55,0.5900000000000001,,,,,,4239.2496633,0.5900000000000001,0.02,1.0,True,False,PASS_MODEL_UNAVAILABLE,1
2026-09-29T01:35:11.111373+00:00,PIT@CLE,2026-10-02T00:15:00+00:00,KXNFLRECYDS-26OCT01PITCLE-PITJWARREN30-15,Jaylen Warren: 15+ receiving yards,,,0.61,0.66,0.3399999999999999,0.39,,,,,,4239.2496633,0.39,0.04,0.5,True,False,PASS_MODEL_UNAVAILABLE,2
2026-09-29T01:35:11.111373+00:00,PIT@CLE,2026-10-02T00:15:00+00:00,KXNFLRECYDS-26OCT01PITCLE-CLEJJEUDY3-25,Jerry Jeudy: 25+ receiving yards,,,0.28,0.3,0.7,0.72,,,,,,4239.2496633,0.72,0.02,1.0,True,False,PASS_MODEL_UNAVAILABLE,1
2026-09-29T01:35:11.111373+00:00,PIT@CLE,2026-10-02T00:15:00+00:00,KXNFLRECYDS-26OCT01PITCLE-CLEJJEUDY3-15,Jerry Jeudy: 15+ receiving yards,,,0.45,0.49,0.51,0.55,,,,,,4239.2496633,0.55,0.02,1.0,True,False,PASS_MODEL_UNAVAILABLE,1
2026-09-29T01:35:11.111373+00:00,PIT@CLE,2026-10-02T00:15:00+00:00,KXNFLRECYDS-26OCT01PITCLE-PITPFREIERMUTH88-25,Pat Freiermuth: 25+ receiving yards,,,0.56,0.59,0.41,0.4399999999999999,,,,,,4239.2496633,0.4399999999999999,0.02,1.0,True,False,PASS_MODEL_UNAVAILABLE,2
2026-09-29T01:35:11.111373+00:00,PIT@CLE,2026-10-02T00:15:00+00:00,KXNFLRECYDS-26OCT01PITCLE-PITPFREIERMUTH88-15,Pat Freiermuth: 15+ receiving yards,,,0.76,0.77,0.2299999999999999,0.24,,,,,,4239.2496633,0.24,0.04,0.5,True,False,PASS_MODEL_UNAVAILABLE,4
2026-09-29T01:35:11.111373+00:00,PIT@CLE,2026-10-02T00:15:00+00:00,KXNFLRECYDS-26OCT01PITCLE-PITMPITTMAN11-90,Michael Pittman Jr.: 90+ receiving yards,,,0.03,0.09,0.91,0.97,,,,,,4239.2496633,0.97,0.02,1.0,True,False,PASS_MODEL_UNAVAILABLE,1
2026-09-29T01:35:11.111373+00:00,PIT@CLE,2026-10-02T00:15:00+00:00,KXNFLRECYDS-26OCT01PITCLE-PITMPITTMAN11-80,Michael Pittman Jr.: 80+ receiving yards,,,0.06,0.12,0.88,0.94,,,,,,4239.2496633,0.94,0.02,1.0,True,False,PASS_MODEL_UNAVAILABLE,1
2026-09-29T01:35:11.111373+00:00,PIT@CLE,2026-10-02T00:15:00+00:00,KXNFLRECYDS-26OCT01PITCLE-PITMPITTMAN11-70,Michael Pittman Jr.: 70+ receiving yards,,,0.1,0.13,0.87,0.9,,,,,,4239.2496633,0.9,0.02,1.0,True,False,PASS_MODEL_UNAVAILABLE,1
2026-09-29T01:35:11.111373+00:00,PIT@CLE,2026-10-02T00:15:00+00:00,KXNFLRECYDS-26OCT01PITCLE-PITMPITTMAN11-60,Michael Pittman Jr.: 60+ receiving yards,,,0.21,0.22,0.78,0.79,,,,,,4239.2496633,0.79,0.02,1.0,True,False,PASS_MODEL_UNAVAILABLE,1
2026-09-29T01:35:11.111373+00:00,PIT@CLE,2026-10-02T00:15:00+00:00,KXNFLRECYDS-26OCT01PITCLE-PITMPITTMAN11-50,Michael Pittman Jr.: 50+ receiving yards,,,0.29,0.31,0.69,0.71,,,,,,4239.2496633,0.71,0.02,1.0,True,False,PASS_MODEL_UNAVAILABLE,1
2026-09-29T01:35:11.111373+00:00,PIT@CLE,2026-10-02T00:15:00+00:00,KXNFLRECYDS-26OCT01PITCLE-PITMPITTMAN11-40,Michael Pittman Jr.: 40+ receiving yards,,,0.41,0.43,0.5700000000000001,0.5900000000000001,,,,,,4239.2496633,0.5900000000000001,0.02,1.0,True,False,PASS_MODEL_UNAVAILABLE,1
2026-09-29T01:35:11.111373+00:00,PIT@CLE,2026-10-02T00:15:00+00:00,KXNFLRECYDS-26OCT01PITCLE-PITMPITTMAN11-25,Michael Pittman Jr.: 25+ receiving yards,,,0.63,0.64,0.36,0.37,,,,,,4239.2496633,0.37,0.04,0.5,True,False,PASS_MODEL_UNAVAILABLE,2
2026-09-29T01:35:11.111373+00:00,PIT@CLE,2026-10-02T00:15:00+00:00,KXNFLRECYDS-26OCT01PITCLE-PITMPITTMAN11-15,Michael Pittman Jr.: 15+ receiving yards,,,0.78,0.79,0.2099999999999999,0.2199999999999999,,,,,,4239.2496633,0.2199999999999999,0.04,0.5,True,False,PASS_MODEL_UNAVAILABLE,4
2026-09-29T01:35:11.111373+00:00,PIT@CLE,2026-10-02T00:15:00+00:00,KXNFLRECYDS-26OCT01PITCLE-PITMPITTMAN11-100,Michael Pittman Jr.: 100+ receiving yards,,,0.02,0.04,0.96,0.98,,,,,,4239.2496633,0.98,0.02,1.0,True,False,PASS_MODEL_UNAVAILABLE,1
2026-09-29T01:35:11.111373+00:00,PIT@CLE,2026-10-02T00:15:00+00:00,KXNFLRECYDS-26OCT01PITCLE-PITDMETCALF4-25,DK Metcalf: 25+ receiving yards,,,0.68,0.71,0.29,0.3199999999999999,,,,,,4239.2496633,0.3199999999999999,0.04,0.5,True,False,PASS_MODEL_UNAVAILABLE,3
2026-09-29T01:35:11.111373+00:00,PIT@CLE,2026-10-02T00:15:00+00:00,KXNFLRECYDS-26OCT01PITCLE-PITDMETCALF4-15,DK Metcalf: 15+ receiving yards,,,0.81,0.84,0.16,0.1899999999999999,,,,,,4239.2496633,0.1899999999999999,0.08,0.25,True,False,PASS_MODEL_UNAVAILABLE,5
2026-09-29T01:35:11.111373+00:00,PIT@CLE,2026-10-02T00:15:00+00:00,KXNFLRECYDS-26OCT01PITCLE-CLEHFANNIN44-25,Harold Fannin Jr.: 25+ receiving yards,,,0.73,0.75,0.25,0.27,,,,,,4239.2496633,0.27,0.04,0.5,True,False,PASS_MODEL_UNAVAILABLE,3
2026-09-29T01:35:11.111373+00:00,PIT@CLE,2026-10-02T00:15:00+00:00,KXNFLRECYDS-26OCT01PITCLE-CLEHFANNIN44-15,Harold Fannin Jr.: 15+ receiving yards,,,0.86,0.89,0.1099999999999999,0.14,,,,,,4239.2496633,0.14,0.08,0.25,True,False,PASS_MODEL_UNAVAILABLE,7
2026-09-29T01:35:11.111373+00:00,PIT@CLE,2026-10-02T00:15:00+00:00,KXNFLRECYDS-26OCT01PITCLE-CLEDBOSTON12-25,Denzel Boston: 25+ receiving yards,,,0.64,0.67,0.3299999999999999,0.36,,,,,,4239.2496633,0.36,0.04,0.5,True,False,PASS_MODEL_UNAVAILABLE,2
2026-09-29T01:35:11.111373+00:00,PIT@CLE,2026-10-02T00:15:00+00:00,KXNFLRECYDS-26OCT01PITCLE-CLEDBOSTON12-15,Denzel Boston: 15+ receiving yards,,,0.78,0.81,0.1899999999999999,0.2199999999999999,,,,,,4239.2496633,0.2199999999999999,0.04,0.5,True,False,PASS_MODEL_UNAVAILABLE,4
2026-09-29T01:35:11.111373+00:00,PIT@CLE,2026-10-02T00:15:00+00:00,KXNFLRECYDS-26OCT01PITCLE-PITDMETCALF4-60,DK Metcalf: 60+ receiving yards,00-0035640,60.0,0.28,0.31,0.69,0.72,48.22085190905344,0.2827476038338658,0.7172523961661341,-0.027252396166134174,-0.0027476038338658526,4239.2496633,0.72,0.02,1.0,True,True,PASS_NO_EDGE,1
2026-09-29T01:35:11.111373+00:00,PIT@CLE,2026-10-02T00:15:00+00:00,KXNFLRECYDS-26OCT01PITCLE-PITPFREIERMUTH88-60,Pat Freiermuth: 60+ receiving yards,00-0036894,60.0,0.1,0.14,0.86,0.9,33.471198868554936,0.102890739833415,0.897109260166585,-0.037109260166585015,-0.0028907398334150347,4239.2496633,0.9,0.02,1.0,True,True,PASS_NO_EDGE,1
2026-09-29T01:35:11.111373+00:00,PIT@CLE,2026-10-02T00:15:00+00:00,KXNFLRECYDS-26OCT01PITCLE-PITDMETCALF4-110,DK Metcalf: 110+ receiving yards,00-0035640,110.0,0.02,0.06,0.94,0.98,48.22085190905344,0.0261011419249592,0.9738988580750408,-0.0338988580750408,-0.006101141924959141,4239.2496633,0.98,0.02,1.0,True,True,PASS_NO_EDGE,1
2026-09-29T01:35:11.111373+00:00,PIT@CLE,2026-10-02T00:15:00+00:00,KXNFLRECYDS-26OCT01PITCLE-PITJWARREN30-50,Jaylen Warren: 50+ receiving yards,00-0037228,50.0,0.09,0.14,0.86,0.91,22.658006789244077,0.0977596741344195,0.9022403258655805,-0.04224032586558052,-0.007759674134419581,4239.2496633,0.91,0.02,1.0,True,True,PASS_NO_EDGE,1
2026-09-29T01:35:11.111373+00:00,PIT@CLE,2026-10-02T00:15:00+00:00,KXNFLRECYDS-26OCT01PITCLE-CLEHFANNIN44-80,Harold Fannin Jr.: 80+ receiving yards,00-0040663,80.0,0.08,0.13,0.87,0.92,48.88611140686339,0.0905911157747464,0.9094088842252536,-0.0394088842252536,-0.010591115774746473,4239.2496633,0.92,0.02,1.0,True,True,PASS_NO_EDGE,1
2026-09-29T01:35:11.111373+00:00,PIT@CLE,2026-10-02T00:15:00+00:00,KXNFLRECYDS-26OCT01PITCLE-PITPFREIERMUTH88-70,Pat Freiermuth: 70+ receiving yards,00-0036894,70.0,0.05,0.1,0.9,0.95,33.471198868554936,0.0610138248847926,0.9389861751152074,-0.038986175115207404,-0.011013824884792522,4239.2496633,0.95,0.02,1.0,True,True,PASS_NO_EDGE,1
2026-09-29T01:35:11.111373+00:00,PIT@CLE,2026-10-02T00:15:00+00:00,KXNFLRECYDS-26OCT01PITCLE-CLEDBOSTON12-110,Denzel Boston: 110+ receiving yards,00-0041037,110.0,0.02,0.04,0.96,0.98,55.81711751093812,0.0360138135175135,0.9639861864824864,-0.003986186482486498,-0.01601381351751363,4239.2496633,0.98,0.02,1.0,True,True,PASS_NO_EDGE,1
2026-09-29T01:35:11.111373+00:00,PIT@CLE,2026-10-02T00:15:00+00:00,KXNFLRECYDS-26OCT01PITCLE-PITJWARREN30-70,Jaylen Warren: 70+ receiving yards,00-0037228,70.0,0.02,0.07,0.93,0.98,22.658006789244077,0.0388931591083781,0.961106840891622,-0.031106840891621905,-0.018893159108377966,4239.2496633,0.98,0.02,1.0,True,True,PASS_NO_EDGE,1
2026-09-29T01:35:11.111373+00:00,PIT@CLE,2026-10-02T00:15:00+00:00,KXNFLRECYDS-26OCT01PITCLE-PITPFREIERMUTH88-80,Pat Freiermuth: 80+ receiving yards,00-0036894,80.0,0.02,0.07,0.93,0.98,33.471198868554936,0.0388931591083781,0.961106840891622,-0.031106840891621905,-0.018893159108377966,4239.2496633,0.98,0.02,1.0,True,True,PASS_NO_EDGE,1
2026-09-29T01:35:11.111373+00:00,PIT@CLE,2026-10-02T00:15:00+00:00,KXNFLRECYDS-26OCT01PITCLE-CLEHFANNIN44-100,Harold Fannin Jr.: 100+ receiving yards,00-0040663,100.0,0.02,0.06,0.94,0.98,48.88611140686339,0.0388931591083781,0.961106840891622,-0.021106840891621896,-0.018893159108377966,4239.2496633,0.98,0.02,1.0,True,True,PASS_NO_EDGE,1
2026-09-29T01:35:11.111373+00:00,PIT@CLE,2026-10-02T00:15:00+00:00,KXNFLRECYDS-26OCT01PITCLE-PITJWARREN30-60,Jaylen Warren: 60+ receiving yards,00-0037228,60.0,0.04,0.09,0.91,0.96,22.658006789244077,0.0610138248847926,0.9389861751152074,-0.028986175115207395,-0.02101382488479253,4239.2496633,0.96,0.02,1.0,True,True,PASS_NO_EDGE,1
2026-09-29T01:35:11.111373+00:00,PIT@CLE,2026-10-02T00:15:00+00:00,KXNFLRECYDS-26OCT01PITCLE-CLEHFANNIN44-90,Harold Fannin Jr.: 90+ receiving yards,00-0040663,90.0,0.04,0.08,0.92,0.96,48.88611140686339,0.0610138248847926,0.9389861751152074,-0.0189861751152074,-0.02101382488479253,4239.2496633,0.96,0.02,1.0,True,True,PASS_NO_EDGE,1
2026-09-29T01:35:11.111373+00:00,PIT@CLE,2026-10-02T00:15:00+00:00,KXNFLRECYDS-26OCT01PITCLE-CLEHFANNIN44-70,Harold Fannin Jr.: 70+ receiving yards,00-0040663,70.0,0.14,0.19,0.81,0.86,48.88611140686339,0.1613958560523446,0.8386041439476554,-0.028604143947655397,-0.02139585605234462,4239.2496633,0.86,0.02,1.0,True,True,PASS_NO_EDGE,1
2026-09-29T01:35:11.111373+00:00,PIT@CLE,2026-10-02T00:15:00+00:00,KXNFLRECYDS-26OCT01PITCLE-CLEDBOSTON12-90,Denzel Boston: 90+ receiving yards,00-0041037,90.0,0.05,0.09,0.91,0.95,55.81711751093812,0.0822189202575532,0.9177810797424468,-0.007781079742446795,-0.03221892025755313,4239.2496633,0.95,0.02,1.0,True,True,PASS_NO_EDGE,1
2026-09-29T01:35:11.111373+00:00,PIT@CLE,2026-10-02T00:15:00+00:00,KXNFLRECYDS-26OCT01PITCLE-CLEHFANNIN44-60,Harold Fannin Jr.: 60+ receiving yards,00-0040663,60.0,0.25,0.28,0.72,0.75,48.88611140686339,0.2827476038338658,0.7172523961661341,0.002747603833865797,-0.03274760383386588,4239.2496633,0.75,0.02,1.0,True,True,PASS_NO_EDGE,1
2026-09-29T01:35:11.111373+00:00,PIT@CLE,2026-10-02T00:15:00+00:00,KXNFLRECYDS-26OCT01PITCLE-CLEDBOSTON12-100,Denzel Boston: 100+ receiving yards,00-0041037,100.0,0.02,0.07,0.93,0.98,55.81711751093812,0.0533141210374639,0.946685878962536,-0.016685878962536108,-0.033314121037464006,4239.2496633,0.98,0.02,1.0,True,True,PASS_NO_EDGE,1
2026-09-29T01:35:11.111373+00:00,PIT@CLE,2026-10-02T00:15:00+00:00,KXNFLRECYDS-26OCT01PITCLE-CLEDBOSTON12-80,Denzel Boston: 80+ receiving yards,00-0041037,80.0,0.09,0.13,0.87,0.91,55.81711751093812,0.125,0.875,-0.0050000000000000044,-0.03500000000000003,4239.2496633,0.91,0.02,1.0,True,True,PASS_NO_EDGE,1
2026-09-29T01:35:11.111373+00:00,PIT@CLE,2026-10-02T00:15:00+00:00,KXNFLRECYDS-26OCT01PITCLE-PITPFREIERMUTH88-40,Pat Freiermuth: 40+ receiving yards,00-0036894,40.0,0.32,0.33,0.6699999999999999,0.6799999999999999,33.471198868554936,0.36,0.64,0.02999999999999997,-0.039999999999999925,4239.2496633,0.6799999999999999,0.02,1.0,True,True,PASS_NO_EDGE,1
2026-09-29T01:35:11.111373+00:00,PIT@CLE,2026-10-02T00:15:00+00:00,KXNFLRECYDS-26OCT01PITCLE-PITDWASHINGTON80-60,Darnell Washington: 60+ receiving yards,00-0038558,60.0,0.02,0.06,0.94,0.98,22.42852589760948,0.0610138248847926,0.9389861751152074,0.0010138248847926037,-0.04101382488479255,4239.2496633,0.98,0.02,1.0,True,True,PASS_NO_EDGE,1
2026-09-29T01:35:11.111373+00:00,PIT@CLE,2026-10-02T00:15:00+00:00,KXNFLRECYDS-26OCT01PITCLE-PITDMETCALF4-50,DK Metcalf: 50+ receiving yards,00-0035640,50.0,0.38,0.41,0.5900000000000001,0.62,48.22085190905344,0.4221732745961821,0.5778267254038179,0.012173274596182115,-0.04217327459618214,4239.2496633,0.62,0.02,1.0,True,True,PASS_NO_EDGE,1
2026-09-29T01:35:11.111373+00:00,PIT@CLE,2026-10-02T00:15:00+00:00,KXNFLRECYDS-26OCT01PITCLE-PITDWASHINGTON80-40,Darnell Washington: 40+ receiving yards,00-0038558,40.0,0.12,0.15,0.85,0.88,22.42852589760948,0.171238570241064,0.828761429758936,0.021238570241064014,-0.05123857024106404,4239.2496633,0.88,0.02,1.0,True,True,PASS_NO_EDGE,1
2026-09-29T01:35:11.111373+00:00,PIT@CLE,2026-10-02T00:15:00+00:00,KXNFLRECYDS-26OCT01PITCLE-PITDMETCALF4-40,DK Metcalf: 40+ receiving yards,00-0035640,40.0,0.5,0.52,0.48,0.5,48.22085190905344,0.5654101995565411,0.4345898004434588,0.04541019955654113,-0.0654101995565412,4239.2496633,0.5,0.02,1.0,True,True,PASS_NO_EDGE,2
2026-09-29T01:35:11.111373+00:00,PIT@CLE,2026-10-02T00:15:00+00:00,KXNFLRECYDS-26OCT01PITCLE-CLEHFANNIN44-40,Harold Fannin Jr.: 40+ receiving yards,00-0040663,40.0,0.5,0.53,0.47,0.5,48.88611140686339,0.5654101995565411,0.4345898004434588,0.03541019955654112,-0.0654101995565412,4239.2496633,0.5,0.02,1.0,True,True,PASS_NO_EDGE,2
2026-09-29T01:35:11.111373+00:00,PIT@CLE,2026-10-02T00:15:00+00:00,KXNFLRECYDS-26OCT01PITCLE-PITDWASHINGTON80-50,Darnell Washington: 50+ receiving yards,00-0038558,50.0,0.03,0.1,0.9,0.97,22.42852589760948,0.0977596741344195,0.9022403258655805,-0.0022403258655805114,-0.06775967413441952,4239.2496633,0.97,0.02,1.0,True,True,PASS_NO_EDGE,1
2026-09-29T01:35:11.111373+00:00,PIT@CLE,2026-10-02T00:15:00+00:00,KXNFLRECYDS-26OCT01PITCLE-CLEHFANNIN44-50,Harold Fannin Jr.: 50+ receiving yards,00-0040663,50.0,0.35,0.39,0.61,0.65,48.88611140686339,0.4221732745961821,0.5778267254038179,0.03217327459618208,-0.07217327459618217,4239.2496633,0.65,0.02,1.0,True,True,PASS_NO_EDGE,1
2026-09-29T01:35:11.111373+00:00,PIT@CLE,2026-10-02T00:15:00+00:00,KXNFLRECYDS-26OCT01PITCLE-CLEDBOSTON12-70,Denzel Boston: 70+ receiving yards,00-0041037,70.0,0.15,0.19,0.81,0.85,55.81711751093812,0.2234782608695652,0.7765217391304348,0.03347826086956521,-0.07347826086956522,4239.2496633,0.85,0.02,1.0,True,True,PASS_NO_EDGE,1
2026-09-29T01:35:11.111373+00:00,PIT@CLE,2026-10-02T00:15:00+00:00,KXNFLRECYDS-26OCT01PITCLE-CLEDBOSTON12-60,Denzel Boston: 60+ receiving yards,00-0041037,60.0,0.22,0.26,0.74,0.78,55.81711751093812,0.3602584814216478,0.6397415185783522,0.10025848142164778,-0.14025848142164787,4239.2496633,0.78,0.02,1.0,True,True,PASS_NO_EDGE,1
2026-09-29T01:35:11.111373+00:00,PIT@CLE,2026-10-02T00:15:00+00:00,KXNFLRECYDS-26OCT01PITCLE-CLEJJEUDY3-60,Jerry Jeudy: 60+ receiving yards,00-0036407,60.0,0.02,0.06,0.94,0.98,39.12786772604427,0.1613958560523446,0.8386041439476554,0.10139585605234461,-0.14139585605234462,4239.2496633,0.98,0.02,1.0,True,True,PASS_NO_EDGE,1
2026-09-29T01:35:11.111373+00:00,PIT@CLE,2026-10-02T00:15:00+00:00,KXNFLRECYDS-26OCT01PITCLE-CLEDBOSTON12-50,Denzel Boston: 50+ receiving yards,00-0041037,50.0,0.32,0.35,0.65,0.6799999999999999,55.81711751093812,0.5065123010130245,0.4934876989869755,0.1565123010130245,-0.18651230101302446,4239.2496633,0.6799999999999999,0.02,1.0,True,True,PASS_NO_EDGE,1
2026-09-29T01:35:11.111373+00:00,PIT@CLE,2026-10-02T00:15:00+00:00,KXNFLRECYDS-26OCT01PITCLE-CLEDBOSTON12-40,Denzel Boston: 40+ receiving yards,00-0041037,40.0,0.44,0.46,0.54,0.56,55.81711751093812,0.6394557823129252,0.3605442176870748,0.1794557823129252,-0.19945578231292527,4239.2496633,0.56,0.02,1.0,True,True,PASS_NO_EDGE,1
2026-09-29T01:35:11.111373+00:00,PIT@CLE,2026-10-02T00:15:00+00:00,KXNFLRECYDS-26OCT01PITCLE-CLEJJEUDY3-50,Jerry Jeudy: 50+ receiving yards,00-0036407,50.0,0.05,0.1,0.9,0.95,39.12786772604427,0.2838235294117647,0.7161764705882353,0.1838235294117647,-0.23382352941176465,4239.2496633,0.95,0.02,1.0,True,True,PASS_NO_EDGE,1
2026-09-29T01:35:11.111373+00:00,PIT@CLE,2026-10-02T00:15:00+00:00,KXNFLRECYDS-26OCT01PITCLE-CLEJJEUDY3-40,Jerry Jeudy: 40+ receiving yards,00-0036407,40.0,0.1,0.16,0.84,0.9,39.12786772604427,0.4221732745961821,0.5778267254038179,0.2621732745961821,-0.32217327459618217,4239.2496633,0.9,0.02,1.0,True,True,PASS_NO_EDGE,1
2026-09-29T01:35:11.111373+00:00,PIT@CLE,2026-10-02T00:15:00+00:00,KXNFLRECYDS-26OCT01PITCLE-PITDMETCALF4-90,DK Metcalf: 90+ receiving yards,00-0035640,90.0,0.08,0.13,0.87,0.92,48.22085190905344,0.0610138248847926,0.9389861751152074,-0.06898617511520741,0.018986175115207393,4239.2496633,0.92,0.02,1.0,True,True,WATCH,1
2026-09-29T01:35:11.111373+00:00,PIT@CLE,2026-10-02T00:15:00+00:00,KXNFLRECYDS-26OCT01PITCLE-PITDMETCALF4-100,DK Metcalf: 100+ receiving yards,00-0035640,100.0,0.05,0.09,0.91,0.95,48.22085190905344,0.0388931591083781,0.961106840891622,-0.051106840891621895,0.01110684089162206,4239.2496633,0.95,0.02,1.0,True,True,WATCH,1
2026-09-29T01:35:11.111373+00:00,PIT@CLE,2026-10-02T00:15:00+00:00,KXNFLRECYDS-26OCT01PITCLE-PITPFREIERMUTH88-50,Pat Freiermuth: 50+ receiving yards,00-0036894,50.0,0.2,0.22,0.78,0.8,33.471198868554936,0.1923076923076923,0.8076923076923077,-0.02769230769230771,0.007692307692307665,4239.2496633,0.8,0.02,1.0,True,True,WATCH,1
