market_ticker,game_id,player_id,threshold
KXNFLRECYDS-26SEP27LVNO-LVMMAYER87-80,2026_03_LV_NO,00-0039066,80
KXNFLRECYDS-26SEP27LVNO-LVMMAYER87-70,2026_03_LV_NO,00-0039066,70
KXNFLRECYDS-26SEP27LVNO-LVMMAYER87-60,2026_03_LV_NO,00-0039066,60
KXNFLRECYDS-26SEP27LVNO-LVMMAYER87-50,2026_03_LV_NO,00-0039066,50
KXNFLRECYDS-26SEP27LVNO-LVMMAYER87-40,2026_03_LV_NO,00-0039066,40
KXNFLRECYDS-26SEP27LVNO-LVMMAYER87-25,2026_03_LV_NO,00-0039066,25
KXNFLRECYDS-26SEP27LVNO-LVMMAYER87-15,2026_03_LV_NO,00-0039066,15
KXNFLRECYDS-26SEP27LVNO-LVJBECH18-70,2026_03_LV_NO,00-0040729,70
KXNFLRECYDS-26SEP27LVNO-LVJBECH18-60,2026_03_LV_NO,00-0040729,60
KXNFLRECYDS-26SEP27LVNO-LVJBECH18-50,2026_03_LV_NO,00-0040729,50
KXNFLRECYDS-26SEP27ARISF-SFKJUSZCZYK44-50,2026_03_ARI_SF,00-0029892,50
KXNFLRECYDS-26SEP27LVNO-LVJBECH18-40,2026_03_LV_NO,00-0040729,40
KXNFLRECYDS-26SEP27ARISF-SFKJUSZCZYK44-40,2026_03_ARI_SF,00-0029892,40
KXNFLRECYDS-26SEP27LVNO-LVJBECH18-25,2026_03_LV_NO,00-0040729,25
KXNFLRECYDS-26SEP27ARISF-SFKJUSZCZYK44-25,2026_03_ARI_SF,00-0029892,25
KXNFLRECYDS-26SEP27LVNO-LVJBECH18-15,2026_03_LV_NO,00-0040729,15
KXNFLRECYDS-26SEP27ARISF-SFKJUSZCZYK44-15,2026_03_ARI_SF,00-0029892,15
KXNFLRECYDS-26SEP27LVNO-NONFANT87-60,2026_03_LV_NO,00-0035644,60
KXNFLRECYDS-26SEP27LVNO-NONFANT87-50,2026_03_LV_NO,00-0035644,50
KXNFLRECYDS-26SEP27LVNO-NONFANT87-40,2026_03_LV_NO,00-0035644,40
KXNFLRECYDS-26SEP27LVNO-NONFANT87-25,2026_03_LV_NO,00-0035644,25
KXNFLRECYDS-26SEP27LVNO-NONFANT87-15,2026_03_LV_NO,00-0035644,15
KXNFLRECYDS-26SEP28PHICHI-CHICKMET85-50,2026_03_PHI_CHI,00-0036290,50
KXNFLRECYDS-26SEP28PHICHI-CHICKMET85-40,2026_03_PHI_CHI,00-0036290,40
KXNFLRECYDS-26SEP28PHICHI-CHICKMET85-25,2026_03_PHI_CHI,00-0036290,25
KXNFLRECYDS-26SEP28PHICHI-CHICKMET85-15,2026_03_PHI_CHI,00-0036290,15
KXNFLRECYDS-26SEP28PHICHI-CHICKMET85-10,2026_03_PHI_CHI,00-0036290,10
KXNFLRECYDS-26SEP27LARDEN-DENRHARVEY12-60,2026_03_LA_DEN,00-0040730,60
KXNFLRECYDS-26SEP27LARDEN-DENRHARVEY12-50,2026_03_LA_DEN,00-0040730,50
KXNFLRECYDS-26SEP27LARDEN-DENRHARVEY12-40,2026_03_LA_DEN,00-0040730,40
KXNFLRECYDS-26SEP27LARDEN-DENRHARVEY12-25,2026_03_LA_DEN,00-0040730,25
KXNFLRECYDS-26SEP27LARDEN-DENRHARVEY12-15,2026_03_LA_DEN,00-0040730,15
KXNFLRECYDS-26SEP27LARDEN-DENATRAUTMAN82-50,2026_03_LA_DEN,00-0036422,50
KXNFLRECYDS-26SEP27LARDEN-DENATRAUTMAN82-40,2026_03_LA_DEN,00-0036422,40
KXNFLRECYDS-26SEP27LARDEN-DENATRAUTMAN82-25,2026_03_LA_DEN,00-0036422,25
KXNFLRECYDS-26SEP27LARDEN-DENATRAUTMAN82-15,2026_03_LA_DEN,00-0036422,15
KXNFLRECYDS-26SEP27LVNO-NOBLANCE18-70,2026_03_LV_NO,00-0041067,70
KXNFLRECYDS-26SEP27LVNO-NOBLANCE18-60,2026_03_LV_NO,00-0041067,60
KXNFLRECYDS-26SEP27LVNO-NOBLANCE18-50,2026_03_LV_NO,00-0041067,50
KXNFLRECYDS-26SEP27LVNO-NOBLANCE18-40,2026_03_LV_NO,00-0041067,40
KXNFLRECYDS-26SEP27LVNO-NOBLANCE18-25,2026_03_LV_NO,00-0041067,25
KXNFLRECYDS-26SEP27LVNO-NOBLANCE18-15,2026_03_LV_NO,00-0041067,15
KXNFLRECYDS-26SEP28PHICHI-CHIDSWIFT4-50,2026_03_PHI_CHI,00-0036275,50
KXNFLRECYDS-26SEP28PHICHI-CHIDSWIFT4-40,2026_03_PHI_CHI,00-0036275,40
KXNFLRECYDS-26SEP28PHICHI-CHIDSWIFT4-25,2026_03_PHI_CHI,00-0036275,25
KXNFLRECYDS-26SEP28PHICHI-CHIDSWIFT4-15,2026_03_PHI_CHI,00-0036275,15
KXNFLRECYDS-26SEP27LVNO-LVJNAILOR9-90,2026_03_LV_NO,00-0037291,90
KXNFLRECYDS-26SEP27LVNO-LVJNAILOR9-80,2026_03_LV_NO,00-0037291,80
KXNFLRECYDS-26SEP27LVNO-LVJNAILOR9-70,2026_03_LV_NO,00-0037291,70
KXNFLRECYDS-26SEP27LVNO-LVJNAILOR9-60,2026_03_LV_NO,00-0037291,60
KXNFLRECYDS-26SEP27LVNO-LVJNAILOR9-50,2026_03_LV_NO,00-0037291,50
KXNFLRECYDS-26SEP27LVNO-LVJNAILOR9-40,2026_03_LV_NO,00-0037291,40
KXNFLRECYDS-26SEP27LVNO-LVJNAILOR9-25,2026_03_LV_NO,00-0037291,25
KXNFLRECYDS-26SEP28PHICHI-PHISBARKLEY26-50,2026_03_PHI_CHI,00-0034844,50
KXNFLRECYDS-26SEP27LVNO-LVJNAILOR9-15,2026_03_LV_NO,00-0037291,15
KXNFLRECYDS-26SEP28PHICHI-PHISBARKLEY26-40,2026_03_PHI_CHI,00-0034844,40
KXNFLRECYDS-26SEP27LVNO-NOAKAMARA41-60,2026_03_LV_NO,00-0033906,60
KXNFLRECYDS-26SEP28PHICHI-PHISBARKLEY26-25,2026_03_PHI_CHI,00-0034844,25
KXNFLRECYDS-26SEP27LVNO-NOAKAMARA41-50,2026_03_LV_NO,00-0033906,50
KXNFLRECYDS-26SEP28PHICHI-PHISBARKLEY26-15,2026_03_PHI_CHI,00-0034844,15
KXNFLRECYDS-26SEP27LVNO-NOAKAMARA41-40,2026_03_LV_NO,00-0033906,40
KXNFLRECYDS-26SEP27LVNO-NOAKAMARA41-25,2026_03_LV_NO,00-0033906,25
KXNFLRECYDS-26SEP27LVNO-NOAKAMARA41-15,2026_03_LV_NO,00-0033906,15
KXNFLRECYDS-26SEP27BALDAL-BALCMOORE17-90,2026_03_BAL_DAL,00-0032398,90
KXNFLRECYDS-26SEP27BALDAL-BALCMOORE17-80,2026_03_BAL_DAL,00-0032398,80
KXNFLRECYDS-26SEP27BALDAL-BALCMOORE17-70,2026_03_BAL_DAL,00-0032398,70
KXNFLRECYDS-26SEP27BALDAL-BALCMOORE17-60,2026_03_BAL_DAL,00-0032398,60
KXNFLRECYDS-26SEP27BALDAL-BALCMOORE17-50,2026_03_BAL_DAL,00-0032398,50
KXNFLRECYDS-26SEP27BALDAL-BALCMOORE17-40,2026_03_BAL_DAL,00-0032398,40
KXNFLRECYDS-26SEP27BALDAL-BALCMOORE17-25,2026_03_BAL_DAL,00-0032398,25
KXNFLRECYDS-26SEP27BALDAL-BALCMOORE17-20,2026_03_BAL_DAL,00-0032398,20
KXNFLRECYDS-26SEP27BALDAL-BALCMOORE17-15,2026_03_BAL_DAL,00-0032398,15
KXNFLRECYDS-26SEP27ARISF-ARITALLGEIER22-40,2026_03_ARI_SF,00-0037263,40
KXNFLRECYDS-26SEP27ARISF-ARITALLGEIER22-25,2026_03_ARI_SF,00-0037263,25
KXNFLRECYDS-26SEP27ARISF-ARITALLGEIER22-15,2026_03_ARI_SF,00-0037263,15
KXNFLRECYDS-26SEP27ARISF-SFCMCCAFFREY23-100,2026_03_ARI_SF,00-0033280,100
KXNFLRECYDS-26SEP27ARISF-SFCMCCAFFREY23-90,2026_03_ARI_SF,00-0033280,90
KXNFLRECYDS-26SEP27ARISF-SFCMCCAFFREY23-80,2026_03_ARI_SF,00-0033280,80
KXNFLRECYDS-26SEP27ARISF-SFCMCCAFFREY23-70,2026_03_ARI_SF,00-0033280,70
KXNFLRECYDS-26SEP27ARISF-SFCMCCAFFREY23-60,2026_03_ARI_SF,00-0033280,60
KXNFLRECYDS-26SEP27ARISF-SFCMCCAFFREY23-50,2026_03_ARI_SF,00-0033280,50
KXNFLRECYDS-26SEP27ARISF-SFCMCCAFFREY23-40,2026_03_ARI_SF,00-0033280,40
KXNFLRECYDS-26SEP27ARISF-SFCMCCAFFREY23-25,2026_03_ARI_SF,00-0033280,25
KXNFLRECYDS-26SEP27ARISF-SFCMCCAFFREY23-15,2026_03_ARI_SF,00-0033280,15
KXNFLRECYDS-26SEP27ARISF-SFDSAMUEL19-110,2026_03_ARI_SF,00-0035719,110
KXNFLRECYDS-26SEP27ARISF-SFDSAMUEL19-100,2026_03_ARI_SF,00-0035719,100
KXNFLRECYDS-26SEP27ARISF-SFDSAMUEL19-90,2026_03_ARI_SF,00-0035719,90
KXNFLRECYDS-26SEP27ARISF-SFDSAMUEL19-80,2026_03_ARI_SF,00-0035719,80
KXNFLRECYDS-26SEP27ARISF-SFDSAMUEL19-70,2026_03_ARI_SF,00-0035719,70
KXNFLRECYDS-26SEP27ARISF-SFDSAMUEL19-60,2026_03_ARI_SF,00-0035719,60
KXNFLRECYDS-26SEP27ARISF-SFDSAMUEL19-50,2026_03_ARI_SF,00-0035719,50
KXNFLRECYDS-26SEP27ARISF-SFDSAMUEL19-40,2026_03_ARI_SF,00-0035719,40
KXNFLRECYDS-26SEP27ARISF-SFDSAMUEL19-25,2026_03_ARI_SF,00-0035719,25
KXNFLRECYDS-26SEP27ARISF-SFDSAMUEL19-15,2026_03_ARI_SF,00-0035719,15
KXNFLRECYDS-26SEP27ARISF-SFGKITTLE85-120,2026_03_ARI_SF,00-0033288,120
KXNFLRECYDS-26SEP27ARISF-SFGKITTLE85-110,2026_03_ARI_SF,00-0033288,110
KXNFLRECYDS-26SEP27ARISF-SFGKITTLE85-100,2026_03_ARI_SF,00-0033288,100
KXNFLRECYDS-26SEP27ARISF-SFGKITTLE85-90,2026_03_ARI_SF,00-0033288,90
KXNFLRECYDS-26SEP27ARISF-SFGKITTLE85-80,2026_03_ARI_SF,00-0033288,80
KXNFLRECYDS-26SEP27ARISF-SFGKITTLE85-70,2026_03_ARI_SF,00-0033288,70
KXNFLRECYDS-26SEP27ARISF-SFGKITTLE85-60,2026_03_ARI_SF,00-0033288,60
KXNFLRECYDS-26SEP27ARISF-SFGKITTLE85-50,2026_03_ARI_SF,00-0033288,50
KXNFLRECYDS-26SEP27ARISF-SFGKITTLE85-40,2026_03_ARI_SF,00-0033288,40
KXNFLRECYDS-26SEP27ARISF-SFGKITTLE85-25,2026_03_ARI_SF,00-0033288,25
KXNFLRECYDS-26SEP27ARISF-SFGKITTLE85-15,2026_03_ARI_SF,00-0033288,15
KXNFLRECYDS-26SEP27LARDEN-LARTFERGUSON18-130,2026_03_LA_DEN,00-0040737,130
KXNFLRECYDS-26SEP27LARDEN-LARTFERGUSON18-120,2026_03_LA_DEN,00-0040737,120
KXNFLRECYDS-26SEP27LARDEN-LARTFERGUSON18-110,2026_03_LA_DEN,00-0040737,110
KXNFLRECYDS-26SEP27LARDEN-LARTFERGUSON18-100,2026_03_LA_DEN,00-0040737,100
KXNFLRECYDS-26SEP27LARDEN-LARTFERGUSON18-90,2026_03_LA_DEN,00-0040737,90
KXNFLRECYDS-26SEP27LARDEN-LARTFERGUSON18-80,2026_03_LA_DEN,00-0040737,80
KXNFLRECYDS-26SEP27LARDEN-LARTFERGUSON18-70,2026_03_LA_DEN,00-0040737,70
KXNFLRECYDS-26SEP27LARDEN-LARTFERGUSON18-60,2026_03_LA_DEN,00-0040737,60
KXNFLRECYDS-26SEP27LARDEN-LARTFERGUSON18-50,2026_03_LA_DEN,00-0040737,50
KXNFLRECYDS-26SEP27LARDEN-LARTFERGUSON18-40,2026_03_LA_DEN,00-0040737,40
KXNFLRECYDS-26SEP27LARDEN-LARTFERGUSON18-25,2026_03_LA_DEN,00-0040737,25
KXNFLRECYDS-26SEP27LARDEN-LARKWILLIAMS23-50,2026_03_LA_DEN,00-0037840,50
KXNFLRECYDS-26SEP27LARDEN-LARKWILLIAMS23-40,2026_03_LA_DEN,00-0037840,40
KXNFLRECYDS-26SEP27LARDEN-LARKWILLIAMS23-25,2026_03_LA_DEN,00-0037840,25
KXNFLRECYDS-26SEP27LARDEN-LARKWILLIAMS23-15,2026_03_LA_DEN,00-0037840,15
KXNFLRECYDS-26SEP28PHICHI-CHIRODUNZE15-90,2026_03_PHI_CHI,00-0039919,90
KXNFLRECYDS-26SEP28PHICHI-CHIRODUNZE15-80,2026_03_PHI_CHI,00-0039919,80
KXNFLRECYDS-26SEP28PHICHI-CHIRODUNZE15-70,2026_03_PHI_CHI,00-0039919,70
KXNFLRECYDS-26SEP28PHICHI-CHIRODUNZE15-60,2026_03_PHI_CHI,00-0039919,60
KXNFLRECYDS-26SEP28PHICHI-CHIRODUNZE15-50,2026_03_PHI_CHI,00-0039919,50
KXNFLRECYDS-26SEP28PHICHI-CHIRODUNZE15-40,2026_03_PHI_CHI,00-0039919,40
KXNFLRECYDS-26SEP28PHICHI-CHIRODUNZE15-25,2026_03_PHI_CHI,00-0039919,25
KXNFLRECYDS-26SEP28PHICHI-CHIRODUNZE15-15,2026_03_PHI_CHI,00-0039919,15
KXNFLRECYDS-26SEP28PHICHI-CHIKRAYMOND14-80,2026_03_PHI_CHI,00-0032464,80
KXNFLRECYDS-26SEP28PHICHI-CHIKRAYMOND14-70,2026_03_PHI_CHI,00-0032464,70
KXNFLRECYDS-26SEP28PHICHI-CHIKRAYMOND14-60,2026_03_PHI_CHI,00-0032464,60
KXNFLRECYDS-26SEP28PHICHI-CHIKRAYMOND14-50,2026_03_PHI_CHI,00-0032464,50
KXNFLRECYDS-26SEP28PHICHI-CHIKRAYMOND14-40,2026_03_PHI_CHI,00-0032464,40
KXNFLRECYDS-26SEP28PHICHI-CHIKRAYMOND14-25,2026_03_PHI_CHI,00-0032464,25
KXNFLRECYDS-26SEP28PHICHI-CHIKRAYMOND14-15,2026_03_PHI_CHI,00-0032464,15
KXNFLRECYDS-26SEP28PHICHI-CHILBURDEN10-90,2026_03_PHI_CHI,00-0040735,90
KXNFLRECYDS-26SEP28PHICHI-CHILBURDEN10-80,2026_03_PHI_CHI,00-0040735,80
KXNFLRECYDS-26SEP28PHICHI-CHILBURDEN10-70,2026_03_PHI_CHI,00-0040735,70
KXNFLRECYDS-26SEP28PHICHI-CHILBURDEN10-60,2026_03_PHI_CHI,00-0040735,60
KXNFLRECYDS-26SEP28PHICHI-CHILBURDEN10-50,2026_03_PHI_CHI,00-0040735,50
KXNFLRECYDS-26SEP28PHICHI-CHILBURDEN10-40,2026_03_PHI_CHI,00-0040735,40
KXNFLRECYDS-26SEP28PHICHI-CHILBURDEN10-25,2026_03_PHI_CHI,00-0040735,25
KXNFLRECYDS-26SEP28PHICHI-CHILBURDEN10-15,2026_03_PHI_CHI,00-0040735,15
KXNFLRECYDS-26SEP28PHICHI-CHICLOVELAND84-100,2026_03_PHI_CHI,00-0040126,100
KXNFLRECYDS-26SEP28PHICHI-CHICLOVELAND84-90,2026_03_PHI_CHI,00-0040126,90
KXNFLRECYDS-26SEP28PHICHI-CHICLOVELAND84-80,2026_03_PHI_CHI,00-0040126,80
KXNFLRECYDS-26SEP28PHICHI-CHICLOVELAND84-70,2026_03_PHI_CHI,00-0040126,70
KXNFLRECYDS-26SEP28PHICHI-CHICLOVELAND84-60,2026_03_PHI_CHI,00-0040126,60
KXNFLRECYDS-26SEP28PHICHI-CHICLOVELAND84-50,2026_03_PHI_CHI,00-0040126,50
KXNFLRECYDS-26SEP28PHICHI-CHICLOVELAND84-40,2026_03_PHI_CHI,00-0040126,40
KXNFLRECYDS-26SEP28PHICHI-CHICLOVELAND84-25,2026_03_PHI_CHI,00-0040126,25
KXNFLRECYDS-26SEP28PHICHI-CHICLOVELAND84-15,2026_03_PHI_CHI,00-0040126,15
KXNFLRECYDS-26SEP27LARDEN-LARDADAMS17-160,2026_03_LA_DEN,00-0031381,160
KXNFLRECYDS-26SEP27LARDEN-LARDADAMS17-150,2026_03_LA_DEN,00-0031381,150
KXNFLRECYDS-26SEP27LARDEN-LARDADAMS17-140,2026_03_LA_DEN,00-0031381,140
KXNFLRECYDS-26SEP27LARDEN-LARDADAMS17-130,2026_03_LA_DEN,00-0031381,130
KXNFLRECYDS-26SEP27LARDEN-LARDADAMS17-120,2026_03_LA_DEN,00-0031381,120
KXNFLRECYDS-26SEP27LARDEN-LARDADAMS17-110,2026_03_LA_DEN,00-0031381,110
KXNFLRECYDS-26SEP27LARDEN-LARDADAMS17-100,2026_03_LA_DEN,00-0031381,100
KXNFLRECYDS-26SEP27LARDEN-LARDADAMS17-90,2026_03_LA_DEN,00-0031381,90
KXNFLRECYDS-26SEP27LARDEN-LARDADAMS17-80,2026_03_LA_DEN,00-0031381,80
KXNFLRECYDS-26SEP27LARDEN-LARDADAMS17-70,2026_03_LA_DEN,00-0031381,70
KXNFLRECYDS-26SEP27LARDEN-LARDADAMS17-60,2026_03_LA_DEN,00-0031381,60
KXNFLRECYDS-26SEP27LARDEN-LARDADAMS17-50,2026_03_LA_DEN,00-0031381,50
KXNFLRECYDS-26SEP27LARDEN-LARDADAMS17-40,2026_03_LA_DEN,00-0031381,40
KXNFLRECYDS-26SEP27ARISF-ARIJLOVE4-60,2026_03_ARI_SF,00-0041027,60
KXNFLRECYDS-26SEP27ARISF-ARIJLOVE4-50,2026_03_ARI_SF,00-0041027,50
KXNFLRECYDS-26SEP27ARISF-ARIJLOVE4-40,2026_03_ARI_SF,00-0041027,40
KXNFLRECYDS-26SEP27ARISF-ARIJLOVE4-25,2026_03_ARI_SF,00-0041027,25
KXNFLRECYDS-26SEP27ARISF-ARIJLOVE4-15,2026_03_ARI_SF,00-0041027,15
KXNFLRECYDS-26SEP27ARISF-ARIKBOURNE17-70,2026_03_ARI_SF,00-0033307,70
KXNFLRECYDS-26SEP27ARISF-ARIKBOURNE17-60,2026_03_ARI_SF,00-0033307,60
KXNFLRECYDS-26SEP27ARISF-ARIKBOURNE17-50,2026_03_ARI_SF,00-0033307,50
KXNFLRECYDS-26SEP27ARISF-ARIKBOURNE17-40,2026_03_ARI_SF,00-0033307,40
KXNFLRECYDS-26SEP27ARISF-ARIKBOURNE17-25,2026_03_ARI_SF,00-0033307,25
KXNFLRECYDS-26SEP27ARISF-ARIKBOURNE17-15,2026_03_ARI_SF,00-0033307,15
KXNFLRECYDS-26SEP28PHICHI-PHIMLEMON9-90,2026_03_PHI_CHI,00-0040867,90
KXNFLRECYDS-26SEP28PHICHI-PHIMLEMON9-80,2026_03_PHI_CHI,00-0040867,80
KXNFLRECYDS-26SEP28PHICHI-PHIMLEMON9-70,2026_03_PHI_CHI,00-0040867,70
KXNFLRECYDS-26SEP28PHICHI-PHIMLEMON9-60,2026_03_PHI_CHI,00-0040867,60
KXNFLRECYDS-26SEP28PHICHI-PHIMLEMON9-50,2026_03_PHI_CHI,00-0040867,50
KXNFLRECYDS-26SEP28PHICHI-PHIMLEMON9-40,2026_03_PHI_CHI,00-0040867,40
KXNFLRECYDS-26SEP28PHICHI-PHIMLEMON9-25,2026_03_PHI_CHI,00-0040867,25
KXNFLRECYDS-26SEP28PHICHI-PHIMLEMON9-15,2026_03_PHI_CHI,00-0040867,15
KXNFLRECYDS-26SEP27BALDAL-BALLWESTER10-80,2026_03_BAL_DAL,00-0040075,80
KXNFLRECYDS-26SEP27BALDAL-BALLWESTER10-70,2026_03_BAL_DAL,00-0040075,70
KXNFLRECYDS-26SEP27BALDAL-BALLWESTER10-60,2026_03_BAL_DAL,00-0040075,60
KXNFLRECYDS-26SEP27BALDAL-BALLWESTER10-50,2026_03_BAL_DAL,00-0040075,50
KXNFLRECYDS-26SEP27BALDAL-BALLWESTER10-40,2026_03_BAL_DAL,00-0040075,40
KXNFLRECYDS-26SEP27BALDAL-BALLWESTER10-25,2026_03_BAL_DAL,00-0040075,25
KXNFLRECYDS-26SEP27BALDAL-BALLWESTER10-15,2026_03_BAL_DAL,00-0040075,15
KXNFLRECYDS-26SEP27BALDAL-BALMANDREWS89-130,2026_03_BAL_DAL,00-0034753,130
KXNFLRECYDS-26SEP27BALDAL-BALMANDREWS89-120,2026_03_BAL_DAL,00-0034753,120
KXNFLRECYDS-26SEP27BALDAL-BALMANDREWS89-110,2026_03_BAL_DAL,00-0034753,110
KXNFLRECYDS-26SEP27BALDAL-BALMANDREWS89-100,2026_03_BAL_DAL,00-0034753,100
KXNFLRECYDS-26SEP27BALDAL-BALMANDREWS89-90,2026_03_BAL_DAL,00-0034753,90
KXNFLRECYDS-26SEP27BALDAL-BALMANDREWS89-80,2026_03_BAL_DAL,00-0034753,80
KXNFLRECYDS-26SEP27BALDAL-BALMANDREWS89-70,2026_03_BAL_DAL,00-0034753,70
KXNFLRECYDS-26SEP27BALDAL-BALMANDREWS89-60,2026_03_BAL_DAL,00-0034753,60
KXNFLRECYDS-26SEP27MINTB-MINJOLIVER84-50,2026_03_MIN_TB,00-0035249,50
KXNFLRECYDS-26SEP27BALDAL-BALMANDREWS89-50,2026_03_BAL_DAL,00-0034753,50
KXNFLRECYDS-26SEP27MINTB-MINJOLIVER84-40,2026_03_MIN_TB,00-0035249,40
KXNFLRECYDS-26SEP27BALDAL-BALMANDREWS89-40,2026_03_BAL_DAL,00-0034753,40
KXNFLRECYDS-26SEP27MINTB-MINJOLIVER84-25,2026_03_MIN_TB,00-0035249,25
KXNFLRECYDS-26SEP27BALDAL-BALMANDREWS89-25,2026_03_BAL_DAL,00-0034753,25
KXNFLRECYDS-26SEP27MINTB-MINJOLIVER84-15,2026_03_MIN_TB,00-0035249,15
KXNFLRECYDS-26SEP27BALDAL-BALMANDREWS89-15,2026_03_BAL_DAL,00-0034753,15
KXNFLRECYDS-26SEP27MINTB-MINJJENNINGS14-60,2026_03_MIN_TB,00-0036259,60
KXNFLRECYDS-26SEP27MINTB-MINJJENNINGS14-50,2026_03_MIN_TB,00-0036259,50
KXNFLRECYDS-26SEP27MINTB-MINJJENNINGS14-40,2026_03_MIN_TB,00-0036259,40
KXNFLRECYDS-26SEP27MINTB-MINJJENNINGS14-25,2026_03_MIN_TB,00-0036259,25
KXNFLRECYDS-26SEP27MINTB-MINJJENNINGS14-15,2026_03_MIN_TB,00-0036259,15
KXNFLRECYDS-26SEP27MINTB-TBKGAINWELL1-50,2026_03_MIN_TB,00-0036919,50
KXNFLRECYDS-26SEP27MINTB-TBKGAINWELL1-40,2026_03_MIN_TB,00-0036919,40
KXNFLRECYDS-26SEP27MINTB-TBKGAINWELL1-25,2026_03_MIN_TB,00-0036919,25
KXNFLRECYDS-26SEP27MINTB-TBKGAINWELL1-15,2026_03_MIN_TB,00-0036919,15
KXNFLRECYDS-26SEP27MINTB-TBBIRVING7-60,2026_03_MIN_TB,00-0039361,60
KXNFLRECYDS-26SEP27LARDEN-DENEENGRAM1-70,2026_03_LA_DEN,00-0033881,70
KXNFLRECYDS-26SEP27MINTB-TBBIRVING7-50,2026_03_MIN_TB,00-0039361,50
KXNFLRECYDS-26SEP27LARDEN-DENEENGRAM1-60,2026_03_LA_DEN,00-0033881,60
KXNFLRECYDS-26SEP27MINTB-TBBIRVING7-40,2026_03_MIN_TB,00-0039361,40
KXNFLRECYDS-26SEP27LARDEN-DENEENGRAM1-50,2026_03_LA_DEN,00-0033881,50
KXNFLRECYDS-26SEP27MINTB-TBBIRVING7-25,2026_03_MIN_TB,00-0039361,25
KXNFLRECYDS-26SEP27LARDEN-DENEENGRAM1-40,2026_03_LA_DEN,00-0033881,40
KXNFLRECYDS-26SEP27MINTB-TBBIRVING7-15,2026_03_MIN_TB,00-0039361,15
KXNFLRECYDS-26SEP27LARDEN-DENEENGRAM1-25,2026_03_LA_DEN,00-0033881,25
KXNFLRECYDS-26SEP27MINTB-TBJMCMILLAN11-70,2026_03_MIN_TB,00-0039855,70
KXNFLRECYDS-26SEP27LARDEN-DENEENGRAM1-15,2026_03_LA_DEN,00-0033881,15
KXNFLRECYDS-26SEP27MINTB-TBJMCMILLAN11-60,2026_03_MIN_TB,00-0039855,60
KXNFLRECYDS-26SEP27LARDEN-DENPBRYANT13-80,2026_03_LA_DEN,00-0040134,80
KXNFLRECYDS-26SEP27MINTB-TBJMCMILLAN11-50,2026_03_MIN_TB,00-0039855,50
KXNFLRECYDS-26SEP27LARDEN-DENPBRYANT13-70,2026_03_LA_DEN,00-0040134,70
KXNFLRECYDS-26SEP27MINTB-TBJMCMILLAN11-40,2026_03_MIN_TB,00-0039855,40
KXNFLRECYDS-26SEP27LARDEN-DENPBRYANT13-60,2026_03_LA_DEN,00-0040134,60
KXNFLRECYDS-26SEP27MINTB-TBJMCMILLAN11-25,2026_03_MIN_TB,00-0039855,25
KXNFLRECYDS-26SEP27LARDEN-DENPBRYANT13-50,2026_03_LA_DEN,00-0040134,50
KXNFLRECYDS-26SEP27MINTB-TBJMCMILLAN11-15,2026_03_MIN_TB,00-0039855,15
KXNFLRECYDS-26SEP27LARDEN-DENPBRYANT13-40,2026_03_LA_DEN,00-0040134,40
KXNFLRECYDS-26SEP27MINTB-TBTHURST17-80,2026_03_MIN_TB,00-0041048,80
KXNFLRECYDS-26SEP27LARDEN-DENPBRYANT13-25,2026_03_LA_DEN,00-0040134,25
KXNFLRECYDS-26SEP27MINTB-TBTHURST17-70,2026_03_MIN_TB,00-0041048,70
KXNFLRECYDS-26SEP27LARDEN-DENPBRYANT13-15,2026_03_LA_DEN,00-0040134,15
KXNFLRECYDS-26SEP27MINTB-TBTHURST17-60,2026_03_MIN_TB,00-0041048,60
KXNFLRECYDS-26SEP27MINTB-TBTHURST17-50,2026_03_MIN_TB,00-0041048,50
KXNFLRECYDS-26SEP27MINTB-TBTHURST17-40,2026_03_MIN_TB,00-0041048,40
KXNFLRECYDS-26SEP27MINTB-TBTHURST17-25,2026_03_MIN_TB,00-0041048,25
KXNFLRECYDS-26SEP27MINTB-TBTHURST17-15,2026_03_MIN_TB,00-0041048,15
KXNFLRECYDS-26SEP27BALDAL-BALRBATEMAN7-140,2026_03_BAL_DAL,00-0036550,140
KXNFLRECYDS-26SEP27BALDAL-BALRBATEMAN7-130,2026_03_BAL_DAL,00-0036550,130
KXNFLRECYDS-26SEP27BALDAL-BALRBATEMAN7-120,2026_03_BAL_DAL,00-0036550,120
KXNFLRECYDS-26SEP27BALDAL-BALRBATEMAN7-110,2026_03_BAL_DAL,00-0036550,110
KXNFLRECYDS-26SEP27BALDAL-BALRBATEMAN7-100,2026_03_BAL_DAL,00-0036550,100
KXNFLRECYDS-26SEP27BALDAL-BALRBATEMAN7-90,2026_03_BAL_DAL,00-0036550,90
KXNFLRECYDS-26SEP27BALDAL-BALRBATEMAN7-80,2026_03_BAL_DAL,00-0036550,80
KXNFLRECYDS-26SEP27BALDAL-BALRBATEMAN7-70,2026_03_BAL_DAL,00-0036550,70
KXNFLRECYDS-26SEP27BALDAL-BALRBATEMAN7-60,2026_03_BAL_DAL,00-0036550,60
KXNFLRECYDS-26SEP27BALDAL-BALRBATEMAN7-50,2026_03_BAL_DAL,00-0036550,50
KXNFLRECYDS-26SEP27BALDAL-BALRBATEMAN7-40,2026_03_BAL_DAL,00-0036550,40
KXNFLRECYDS-26SEP27BALDAL-BALRBATEMAN7-25,2026_03_BAL_DAL,00-0036550,25
KXNFLRECYDS-26SEP27BALDAL-BALRBATEMAN7-15,2026_03_BAL_DAL,00-0036550,15
KXNFLRECYDS-26SEP27BALDAL-BALDHENRY22-60,2026_03_BAL_DAL,00-0032764,60
KXNFLRECYDS-26SEP27BALDAL-BALDHENRY22-50,2026_03_BAL_DAL,00-0032764,50
KXNFLRECYDS-26SEP27BALDAL-BALDHENRY22-40,2026_03_BAL_DAL,00-0032764,40
KXNFLRECYDS-26SEP27BALDAL-BALDHENRY22-25,2026_03_BAL_DAL,00-0032764,25
KXNFLRECYDS-26SEP27BALDAL-BALDHENRY22-15,2026_03_BAL_DAL,00-0032764,15
KXNFLRECYDS-26SEP27BALDAL-BALDHENRY22-10,2026_03_BAL_DAL,00-0032764,10
KXNFLRECYDS-26SEP27BALDAL-BALJHILL43-70,2026_03_BAL_DAL,00-0034975,70
KXNFLRECYDS-26SEP27BALDAL-BALJHILL43-60,2026_03_BAL_DAL,00-0034975,60
KXNFLRECYDS-26SEP27BALDAL-BALJHILL43-50,2026_03_BAL_DAL,00-0034975,50
KXNFLRECYDS-26SEP27BALDAL-BALJHILL43-40,2026_03_BAL_DAL,00-0034975,40
KXNFLRECYDS-26SEP27BALDAL-BALJHILL43-25,2026_03_BAL_DAL,00-0034975,25
KXNFLRECYDS-26SEP27BALDAL-BALJHILL43-15,2026_03_BAL_DAL,00-0034975,15
KXNFLRECYDS-26SEP27BALDAL-DALRFLOURNOY19-90,2026_03_BAL_DAL,00-0039410,90
KXNFLRECYDS-26SEP27BALDAL-DALRFLOURNOY19-80,2026_03_BAL_DAL,00-0039410,80
KXNFLRECYDS-26SEP27BALDAL-DALRFLOURNOY19-70,2026_03_BAL_DAL,00-0039410,70
KXNFLRECYDS-26SEP27BALDAL-DALRFLOURNOY19-60,2026_03_BAL_DAL,00-0039410,60
KXNFLRECYDS-26SEP27BALDAL-DALRFLOURNOY19-50,2026_03_BAL_DAL,00-0039410,50
KXNFLRECYDS-26SEP27BALDAL-DALRFLOURNOY19-40,2026_03_BAL_DAL,00-0039410,40
KXNFLRECYDS-26SEP27BALDAL-DALRFLOURNOY19-25,2026_03_BAL_DAL,00-0039410,25
KXNFLRECYDS-26SEP27BALDAL-DALRFLOURNOY19-15,2026_03_BAL_DAL,00-0039410,15
KXNFLRECYDS-26SEP27LVNO-LVTTUCKER1-120,2026_03_LV_NO,00-0038563,120
KXNFLRECYDS-26SEP27LVNO-LVTTUCKER1-110,2026_03_LV_NO,00-0038563,110
KXNFLRECYDS-26SEP27LVNO-LVTTUCKER1-100,2026_03_LV_NO,00-0038563,100
KXNFLRECYDS-26SEP27LVNO-LVTTUCKER1-90,2026_03_LV_NO,00-0038563,90
KXNFLRECYDS-26SEP27LVNO-LVTTUCKER1-80,2026_03_LV_NO,00-0038563,80
KXNFLRECYDS-26SEP27LVNO-LVTTUCKER1-70,2026_03_LV_NO,00-0038563,70
KXNFLRECYDS-26SEP27LVNO-LVTTUCKER1-60,2026_03_LV_NO,00-0038563,60
KXNFLRECYDS-26SEP27LVNO-LVTTUCKER1-50,2026_03_LV_NO,00-0038563,50
KXNFLRECYDS-26SEP27LVNO-LVTTUCKER1-40,2026_03_LV_NO,00-0038563,40
KXNFLRECYDS-26SEP27LVNO-LVTTUCKER1-25,2026_03_LV_NO,00-0038563,25
KXNFLRECYDS-26SEP27LVNO-LVTTUCKER1-15,2026_03_LV_NO,00-0038563,15
KXNFLRECYDS-26SEP27LVNO-LVAJEANTY2-80,2026_03_LV_NO,00-0040122,80
KXNFLRECYDS-26SEP27LVNO-LVAJEANTY2-70,2026_03_LV_NO,00-0040122,70
KXNFLRECYDS-26SEP27LVNO-LVAJEANTY2-60,2026_03_LV_NO,00-0040122,60
KXNFLRECYDS-26SEP27LVNO-LVAJEANTY2-50,2026_03_LV_NO,00-0040122,50
KXNFLRECYDS-26SEP27LVNO-LVAJEANTY2-40,2026_03_LV_NO,00-0040122,40
KXNFLRECYDS-26SEP27LVNO-LVAJEANTY2-25,2026_03_LV_NO,00-0040122,25
KXNFLRECYDS-26SEP27LVNO-LVAJEANTY2-15,2026_03_LV_NO,00-0040122,15
KXNFLRECYDS-26SEP27LVNO-NOJJOHNSON83-100,2026_03_LV_NO,00-0036040,100
KXNFLRECYDS-26SEP27LVNO-NOJJOHNSON83-90,2026_03_LV_NO,00-0036040,90
KXNFLRECYDS-26SEP27LVNO-NOJJOHNSON83-80,2026_03_LV_NO,00-0036040,80
KXNFLRECYDS-26SEP27LVNO-NOJJOHNSON83-70,2026_03_LV_NO,00-0036040,70
KXNFLRECYDS-26SEP27LVNO-NOJJOHNSON83-60,2026_03_LV_NO,00-0036040,60
KXNFLRECYDS-26SEP27LVNO-NOJJOHNSON83-50,2026_03_LV_NO,00-0036040,50
KXNFLRECYDS-26SEP27LVNO-NOJJOHNSON83-40,2026_03_LV_NO,00-0036040,40
KXNFLRECYDS-26SEP27LVNO-NOJJOHNSON83-35,2026_03_LV_NO,00-0036040,35
KXNFLRECYDS-26SEP27LVNO-NOJJOHNSON83-25,2026_03_LV_NO,00-0036040,25
KXNFLRECYDS-26SEP28PHICHI-PHIDWICKS13-90,2026_03_PHI_CHI,00-0038393,90
KXNFLRECYDS-26SEP28PHICHI-PHIDWICKS13-80,2026_03_PHI_CHI,00-0038393,80
KXNFLRECYDS-26SEP28PHICHI-PHIDWICKS13-70,2026_03_PHI_CHI,00-0038393,70
KXNFLRECYDS-26SEP28PHICHI-PHIDWICKS13-60,2026_03_PHI_CHI,00-0038393,60
KXNFLRECYDS-26SEP28PHICHI-PHIDWICKS13-50,2026_03_PHI_CHI,00-0038393,50
KXNFLRECYDS-26SEP28PHICHI-PHIDWICKS13-40,2026_03_PHI_CHI,00-0038393,40
KXNFLRECYDS-26SEP28PHICHI-PHIDWICKS13-25,2026_03_PHI_CHI,00-0038393,25
KXNFLRECYDS-26SEP28PHICHI-PHIDWICKS13-15,2026_03_PHI_CHI,00-0038393,15
KXNFLRECYDS-26SEP28PHICHI-PHIDWICKS13-110,2026_03_PHI_CHI,00-0038393,110
KXNFLRECYDS-26SEP28PHICHI-PHIDWICKS13-100,2026_03_PHI_CHI,00-0038393,100
KXNFLRECYDS-26SEP28PHICHI-PHIDSMITH6-90,2026_03_PHI_CHI,00-0036912,90
KXNFLRECYDS-26SEP28PHICHI-PHIDSMITH6-80,2026_03_PHI_CHI,00-0036912,80
KXNFLRECYDS-26SEP28PHICHI-PHIDSMITH6-70,2026_03_PHI_CHI,00-0036912,70
KXNFLRECYDS-26SEP28PHICHI-PHIDSMITH6-60,2026_03_PHI_CHI,00-0036912,60
KXNFLRECYDS-26SEP28PHICHI-PHIDSMITH6-50,2026_03_PHI_CHI,00-0036912,50
KXNFLRECYDS-26SEP28PHICHI-PHIDSMITH6-40,2026_03_PHI_CHI,00-0036912,40
KXNFLRECYDS-26SEP28PHICHI-PHIDSMITH6-160,2026_03_PHI_CHI,00-0036912,160
KXNFLRECYDS-26SEP28PHICHI-PHIDSMITH6-150,2026_03_PHI_CHI,00-0036912,150
KXNFLRECYDS-26SEP28PHICHI-PHIDSMITH6-140,2026_03_PHI_CHI,00-0036912,140
KXNFLRECYDS-26SEP28PHICHI-PHIDSMITH6-130,2026_03_PHI_CHI,00-0036912,130
KXNFLRECYDS-26SEP28PHICHI-PHIDSMITH6-120,2026_03_PHI_CHI,00-0036912,120
KXNFLRECYDS-26SEP28PHICHI-PHIDSMITH6-110,2026_03_PHI_CHI,00-0036912,110
KXNFLRECYDS-26SEP28PHICHI-PHIDSMITH6-100,2026_03_PHI_CHI,00-0036912,100
KXNFLRECYDS-26SEP27LVNO-NOJJOHNSON83-15,2026_03_LV_NO,00-0036040,15
KXNFLRECYDS-26SEP27LVNO-NODVELE14-90,2026_03_LV_NO,00-0039424,90
KXNFLRECYDS-26SEP27LVNO-NODVELE14-80,2026_03_LV_NO,00-0039424,80
KXNFLRECYDS-26SEP27LVNO-NODVELE14-70,2026_03_LV_NO,00-0039424,70
KXNFLRECYDS-26SEP27LVNO-NODVELE14-60,2026_03_LV_NO,00-0039424,60
KXNFLRECYDS-26SEP27LVNO-NODVELE14-50,2026_03_LV_NO,00-0039424,50
KXNFLRECYDS-26SEP27LVNO-NODVELE14-40,2026_03_LV_NO,00-0039424,40
KXNFLRECYDS-26SEP27LVNO-NODVELE14-25,2026_03_LV_NO,00-0039424,25
KXNFLRECYDS-26SEP27LVNO-NODVELE14-120,2026_03_LV_NO,00-0039424,120
KXNFLRECYDS-26SEP27LVNO-NODVELE14-110,2026_03_LV_NO,00-0039424,110
KXNFLRECYDS-26SEP27LVNO-NODVELE14-100,2026_03_LV_NO,00-0039424,100
KXNFLRECYDS-26SEP27LVNO-NOCOLAVE12-90,2026_03_LV_NO,00-0037239,90
KXNFLRECYDS-26SEP27LVNO-NOCOLAVE12-80,2026_03_LV_NO,00-0037239,80
KXNFLRECYDS-26SEP27LVNO-NOCOLAVE12-70,2026_03_LV_NO,00-0037239,70
KXNFLRECYDS-26SEP27LVNO-NOCOLAVE12-60,2026_03_LV_NO,00-0037239,60
KXNFLRECYDS-26SEP27LVNO-NOCOLAVE12-50,2026_03_LV_NO,00-0037239,50
KXNFLRECYDS-26SEP27LVNO-NOCOLAVE12-40,2026_03_LV_NO,00-0037239,40
KXNFLRECYDS-26SEP27LVNO-NOCOLAVE12-170,2026_03_LV_NO,00-0037239,170
KXNFLRECYDS-26SEP27LVNO-NOCOLAVE12-160,2026_03_LV_NO,00-0037239,160
KXNFLRECYDS-26SEP27LVNO-NOCOLAVE12-150,2026_03_LV_NO,00-0037239,150
KXNFLRECYDS-26SEP27LVNO-NOCOLAVE12-140,2026_03_LV_NO,00-0037239,140
KXNFLRECYDS-26SEP27LVNO-NOCOLAVE12-130,2026_03_LV_NO,00-0037239,130
KXNFLRECYDS-26SEP27LVNO-NOCOLAVE12-120,2026_03_LV_NO,00-0037239,120
KXNFLRECYDS-26SEP27LVNO-NOCOLAVE12-110,2026_03_LV_NO,00-0037239,110
KXNFLRECYDS-26SEP27LVNO-NOCOLAVE12-100,2026_03_LV_NO,00-0037239,100
KXNFLRECYDS-26SEP27LARDEN-DENCSUTTON14-110,2026_03_LA_DEN,00-0034348,110
KXNFLRECYDS-26SEP27LARDEN-DENCSUTTON14-100,2026_03_LA_DEN,00-0034348,100
KXNFLRECYDS-26SEP27LARDEN-DENCSUTTON14-90,2026_03_LA_DEN,00-0034348,90
KXNFLRECYDS-26SEP27LARDEN-DENCSUTTON14-80,2026_03_LA_DEN,00-0034348,80
KXNFLRECYDS-26SEP27LARDEN-DENCSUTTON14-70,2026_03_LA_DEN,00-0034348,70
KXNFLRECYDS-26SEP27LARDEN-DENCSUTTON14-60,2026_03_LA_DEN,00-0034348,60
KXNFLRECYDS-26SEP27LARDEN-DENCSUTTON14-50,2026_03_LA_DEN,00-0034348,50
KXNFLRECYDS-26SEP27LARDEN-DENCSUTTON14-40,2026_03_LA_DEN,00-0034348,40
KXNFLRECYDS-26SEP27LARDEN-DENCSUTTON14-25,2026_03_LA_DEN,00-0034348,25
KXNFLRECYDS-26SEP27LARDEN-DENCSUTTON14-15,2026_03_LA_DEN,00-0034348,15
KXNFLRECYDS-26SEP27ARISF-ARITMCBRIDE85-90,2026_03_ARI_SF,00-0037744,90
KXNFLRECYDS-26SEP27ARISF-ARITMCBRIDE85-80,2026_03_ARI_SF,00-0037744,80
KXNFLRECYDS-26SEP27ARISF-ARITMCBRIDE85-70,2026_03_ARI_SF,00-0037744,70
KXNFLRECYDS-26SEP27ARISF-ARITMCBRIDE85-60,2026_03_ARI_SF,00-0037744,60
KXNFLRECYDS-26SEP27ARISF-ARITMCBRIDE85-50,2026_03_ARI_SF,00-0037744,50
KXNFLRECYDS-26SEP27ARISF-ARITMCBRIDE85-40,2026_03_ARI_SF,00-0037744,40
KXNFLRECYDS-26SEP27ARISF-ARITMCBRIDE85-140,2026_03_ARI_SF,00-0037744,140
KXNFLRECYDS-26SEP27ARISF-ARITMCBRIDE85-130,2026_03_ARI_SF,00-0037744,130
KXNFLRECYDS-26SEP27ARISF-ARITMCBRIDE85-120,2026_03_ARI_SF,00-0037744,120
KXNFLRECYDS-26SEP27ARISF-ARITMCBRIDE85-110,2026_03_ARI_SF,00-0037744,110
KXNFLRECYDS-26SEP27ARISF-ARITMCBRIDE85-100,2026_03_ARI_SF,00-0037744,100
KXNFLRECYDS-26SEP27ARISF-ARIMWILSON14-90,2026_03_ARI_SF,00-0038559,90
KXNFLRECYDS-26SEP27ARISF-ARIMWILSON14-80,2026_03_ARI_SF,00-0038559,80
KXNFLRECYDS-26SEP27ARISF-ARIMWILSON14-70,2026_03_ARI_SF,00-0038559,70
KXNFLRECYDS-26SEP27ARISF-ARIMWILSON14-60,2026_03_ARI_SF,00-0038559,60
KXNFLRECYDS-26SEP27ARISF-ARIMWILSON14-50,2026_03_ARI_SF,00-0038559,50
KXNFLRECYDS-26SEP27ARISF-ARIMWILSON14-40,2026_03_ARI_SF,00-0038559,40
KXNFLRECYDS-26SEP27ARISF-ARIMWILSON14-25,2026_03_ARI_SF,00-0038559,25
KXNFLRECYDS-26SEP27ARISF-ARIMWILSON14-120,2026_03_ARI_SF,00-0038559,120
KXNFLRECYDS-26SEP27ARISF-ARIMWILSON14-110,2026_03_ARI_SF,00-0038559,110
KXNFLRECYDS-26SEP27ARISF-ARIMWILSON14-100,2026_03_ARI_SF,00-0038559,100
KXNFLRECYDS-26SEP27ARISF-ARIMHARRISON18-90,2026_03_ARI_SF,00-0039849,90
KXNFLRECYDS-26SEP27ARISF-ARIMHARRISON18-80,2026_03_ARI_SF,00-0039849,80
KXNFLRECYDS-26SEP27ARISF-ARIMHARRISON18-70,2026_03_ARI_SF,00-0039849,70
KXNFLRECYDS-26SEP27ARISF-ARIMHARRISON18-60,2026_03_ARI_SF,00-0039849,60
KXNFLRECYDS-26SEP27ARISF-ARIMHARRISON18-50,2026_03_ARI_SF,00-0039849,50
KXNFLRECYDS-26SEP27ARISF-ARIMHARRISON18-40,2026_03_ARI_SF,00-0039849,40
KXNFLRECYDS-26SEP27ARISF-ARIMHARRISON18-25,2026_03_ARI_SF,00-0039849,25
KXNFLRECYDS-26SEP27ARISF-ARIMHARRISON18-15,2026_03_ARI_SF,00-0039849,15
KXNFLRECYDS-26SEP27MINTB-TBEEGBUKA2-90,2026_03_MIN_TB,00-0040129,90
KXNFLRECYDS-26SEP27MINTB-TBEEGBUKA2-80,2026_03_MIN_TB,00-0040129,80
KXNFLRECYDS-26SEP27MINTB-TBEEGBUKA2-70,2026_03_MIN_TB,00-0040129,70
KXNFLRECYDS-26SEP27MINTB-TBEEGBUKA2-60,2026_03_MIN_TB,00-0040129,60
KXNFLRECYDS-26SEP27MINTB-TBEEGBUKA2-50,2026_03_MIN_TB,00-0040129,50
KXNFLRECYDS-26SEP27MINTB-TBEEGBUKA2-40,2026_03_MIN_TB,00-0040129,40
KXNFLRECYDS-26SEP27MINTB-TBEEGBUKA2-25,2026_03_MIN_TB,00-0040129,25
KXNFLRECYDS-26SEP27MINTB-TBEEGBUKA2-120,2026_03_MIN_TB,00-0040129,120
KXNFLRECYDS-26SEP27MINTB-TBEEGBUKA2-110,2026_03_MIN_TB,00-0040129,110
KXNFLRECYDS-26SEP27MINTB-TBEEGBUKA2-100,2026_03_MIN_TB,00-0040129,100
KXNFLRECYDS-26SEP27MINTB-TBCOTTON88-80,2026_03_MIN_TB,00-0038129,80
KXNFLRECYDS-26SEP27MINTB-TBCOTTON88-70,2026_03_MIN_TB,00-0038129,70
KXNFLRECYDS-26SEP27MINTB-TBCOTTON88-60,2026_03_MIN_TB,00-0038129,60
KXNFLRECYDS-26SEP27MINTB-TBCOTTON88-50,2026_03_MIN_TB,00-0038129,50
KXNFLRECYDS-26SEP27MINTB-TBCOTTON88-40,2026_03_MIN_TB,00-0038129,40
KXNFLRECYDS-26SEP27MINTB-TBCOTTON88-25,2026_03_MIN_TB,00-0038129,25
KXNFLRECYDS-26SEP27MINTB-TBCOTTON88-15,2026_03_MIN_TB,00-0038129,15
KXNFLRECYDS-26SEP27MINTB-TBCGODWIN14-90,2026_03_MIN_TB,00-0033921,90
KXNFLRECYDS-26SEP27MINTB-TBCGODWIN14-80,2026_03_MIN_TB,00-0033921,80
KXNFLRECYDS-26SEP27MINTB-TBCGODWIN14-70,2026_03_MIN_TB,00-0033921,70
KXNFLRECYDS-26SEP27MINTB-TBCGODWIN14-60,2026_03_MIN_TB,00-0033921,60
KXNFLRECYDS-26SEP27MINTB-TBCGODWIN14-50,2026_03_MIN_TB,00-0033921,50
KXNFLRECYDS-26SEP27MINTB-TBCGODWIN14-40,2026_03_MIN_TB,00-0033921,40
KXNFLRECYDS-26SEP27MINTB-TBCGODWIN14-25,2026_03_MIN_TB,00-0033921,25
KXNFLRECYDS-26SEP27MINTB-TBCGODWIN14-15,2026_03_MIN_TB,00-0033921,15
KXNFLRECYDS-26SEP27MINTB-TBCGODWIN14-100,2026_03_MIN_TB,00-0033921,100
KXNFLRECYDS-26SEP27MINTB-MINTHOCKENSON87-80,2026_03_MIN_TB,00-0035229,80
KXNFLRECYDS-26SEP27MINTB-MINTHOCKENSON87-70,2026_03_MIN_TB,00-0035229,70
KXNFLRECYDS-26SEP27MINTB-MINTHOCKENSON87-60,2026_03_MIN_TB,00-0035229,60
KXNFLRECYDS-26SEP27MINTB-MINTHOCKENSON87-50,2026_03_MIN_TB,00-0035229,50
KXNFLRECYDS-26SEP27MINTB-MINTHOCKENSON87-40,2026_03_MIN_TB,00-0035229,40
KXNFLRECYDS-26SEP27MINTB-MINTHOCKENSON87-25,2026_03_MIN_TB,00-0035229,25
KXNFLRECYDS-26SEP27MINTB-MINTHOCKENSON87-15,2026_03_MIN_TB,00-0035229,15
KXNFLRECYDS-26SEP27MINTB-MINJJEFFERSON18-90,2026_03_MIN_TB,00-0036322,90
KXNFLRECYDS-26SEP27MINTB-MINJJEFFERSON18-80,2026_03_MIN_TB,00-0036322,80
KXNFLRECYDS-26SEP27MINTB-MINJJEFFERSON18-70,2026_03_MIN_TB,00-0036322,70
KXNFLRECYDS-26SEP27MINTB-MINJJEFFERSON18-60,2026_03_MIN_TB,00-0036322,60
KXNFLRECYDS-26SEP27MINTB-MINJJEFFERSON18-50,2026_03_MIN_TB,00-0036322,50
KXNFLRECYDS-26SEP27MINTB-MINJJEFFERSON18-40,2026_03_MIN_TB,00-0036322,40
KXNFLRECYDS-26SEP27MINTB-MINJJEFFERSON18-150,2026_03_MIN_TB,00-0036322,150
KXNFLRECYDS-26SEP27MINTB-MINJJEFFERSON18-140,2026_03_MIN_TB,00-0036322,140
KXNFLRECYDS-26SEP27MINTB-MINJJEFFERSON18-130,2026_03_MIN_TB,00-0036322,130
KXNFLRECYDS-26SEP27MINTB-MINJJEFFERSON18-120,2026_03_MIN_TB,00-0036322,120
KXNFLRECYDS-26SEP27MINTB-MINJJEFFERSON18-110,2026_03_MIN_TB,00-0036322,110
KXNFLRECYDS-26SEP27MINTB-MINJJEFFERSON18-100,2026_03_MIN_TB,00-0036322,100
KXNFLRECYDS-26SEP27MINTB-MINJADDISON3-90,2026_03_MIN_TB,00-0038994,90
KXNFLRECYDS-26SEP27MINTB-MINJADDISON3-80,2026_03_MIN_TB,00-0038994,80
KXNFLRECYDS-26SEP27MINTB-MINJADDISON3-70,2026_03_MIN_TB,00-0038994,70
KXNFLRECYDS-26SEP27MINTB-MINJADDISON3-60,2026_03_MIN_TB,00-0038994,60
KXNFLRECYDS-26SEP27MINTB-MINJADDISON3-50,2026_03_MIN_TB,00-0038994,50
KXNFLRECYDS-26SEP27MINTB-MINJADDISON3-40,2026_03_MIN_TB,00-0038994,40
KXNFLRECYDS-26SEP27MINTB-MINJADDISON3-25,2026_03_MIN_TB,00-0038994,25
KXNFLRECYDS-26SEP27MINTB-MINJADDISON3-15,2026_03_MIN_TB,00-0038994,15
KXNFLRECYDS-26SEP27MINTB-MINJADDISON3-100,2026_03_MIN_TB,00-0038994,100
KXNFLRECYDS-26SEP27LARDEN-DENJWADDLE17-90,2026_03_LA_DEN,00-0036613,90
KXNFLRECYDS-26SEP27LARDEN-DENJWADDLE17-80,2026_03_LA_DEN,00-0036613,80
KXNFLRECYDS-26SEP27LARDEN-DENJWADDLE17-70,2026_03_LA_DEN,00-0036613,70
KXNFLRECYDS-26SEP27LARDEN-DENJWADDLE17-60,2026_03_LA_DEN,00-0036613,60
KXNFLRECYDS-26SEP27LARDEN-DENJWADDLE17-50,2026_03_LA_DEN,00-0036613,50
KXNFLRECYDS-26SEP27LARDEN-DENJWADDLE17-40,2026_03_LA_DEN,00-0036613,40
KXNFLRECYDS-26SEP27LARDEN-DENJWADDLE17-25,2026_03_LA_DEN,00-0036613,25
KXNFLRECYDS-26SEP27LARDEN-DENJWADDLE17-130,2026_03_LA_DEN,00-0036613,130
KXNFLRECYDS-26SEP27LARDEN-DENJWADDLE17-120,2026_03_LA_DEN,00-0036613,120
KXNFLRECYDS-26SEP27LARDEN-DENJWADDLE17-110,2026_03_LA_DEN,00-0036613,110
KXNFLRECYDS-26SEP27LARDEN-DENJWADDLE17-100,2026_03_LA_DEN,00-0036613,100
KXNFLRECYDS-26SEP27BALDAL-DALJWILLIAMS33-50,2026_03_BAL_DAL,00-0036997,50
KXNFLRECYDS-26SEP27BALDAL-DALJWILLIAMS33-40,2026_03_BAL_DAL,00-0036997,40
KXNFLRECYDS-26SEP27BALDAL-DALJWILLIAMS33-25,2026_03_BAL_DAL,00-0036997,25
KXNFLRECYDS-26SEP27BALDAL-DALJWILLIAMS33-15,2026_03_BAL_DAL,00-0036997,15
KXNFLRECYDS-26SEP27BALDAL-DALJFERGUSON87-80,2026_03_BAL_DAL,00-0038041,80
KXNFLRECYDS-26SEP27BALDAL-DALJFERGUSON87-70,2026_03_BAL_DAL,00-0038041,70
KXNFLRECYDS-26SEP27BALDAL-DALJFERGUSON87-60,2026_03_BAL_DAL,00-0038041,60
KXNFLRECYDS-26SEP27BALDAL-DALJFERGUSON87-50,2026_03_BAL_DAL,00-0038041,50
KXNFLRECYDS-26SEP27BALDAL-DALJFERGUSON87-40,2026_03_BAL_DAL,00-0038041,40
KXNFLRECYDS-26SEP27BALDAL-DALJFERGUSON87-25,2026_03_BAL_DAL,00-0038041,25
KXNFLRECYDS-26SEP27BALDAL-DALJFERGUSON87-15,2026_03_BAL_DAL,00-0038041,15
KXNFLRECYDS-26SEP27BALDAL-DALGPICKENS3-90,2026_03_BAL_DAL,00-0037247,90
KXNFLRECYDS-26SEP27BALDAL-DALGPICKENS3-80,2026_03_BAL_DAL,00-0037247,80
KXNFLRECYDS-26SEP27BALDAL-DALGPICKENS3-70,2026_03_BAL_DAL,00-0037247,70
KXNFLRECYDS-26SEP27BALDAL-DALGPICKENS3-60,2026_03_BAL_DAL,00-0037247,60
KXNFLRECYDS-26SEP27BALDAL-DALGPICKENS3-50,2026_03_BAL_DAL,00-0037247,50
KXNFLRECYDS-26SEP27BALDAL-DALGPICKENS3-40,2026_03_BAL_DAL,00-0037247,40
KXNFLRECYDS-26SEP27BALDAL-DALGPICKENS3-25,2026_03_BAL_DAL,00-0037247,25
KXNFLRECYDS-26SEP27BALDAL-DALGPICKENS3-150,2026_03_BAL_DAL,00-0037247,150
KXNFLRECYDS-26SEP27BALDAL-DALGPICKENS3-140,2026_03_BAL_DAL,00-0037247,140
KXNFLRECYDS-26SEP27BALDAL-DALGPICKENS3-130,2026_03_BAL_DAL,00-0037247,130
KXNFLRECYDS-26SEP27BALDAL-DALGPICKENS3-120,2026_03_BAL_DAL,00-0037247,120
KXNFLRECYDS-26SEP27BALDAL-DALGPICKENS3-110,2026_03_BAL_DAL,00-0037247,110
KXNFLRECYDS-26SEP27BALDAL-DALGPICKENS3-100,2026_03_BAL_DAL,00-0037247,100
KXNFLRECYDS-26SEP27BALDAL-DALCLAMB88-90,2026_03_BAL_DAL,00-0036358,90
KXNFLRECYDS-26SEP27BALDAL-DALCLAMB88-85,2026_03_BAL_DAL,00-0036358,85
KXNFLRECYDS-26SEP27BALDAL-DALCLAMB88-80,2026_03_BAL_DAL,00-0036358,80
KXNFLRECYDS-26SEP27BALDAL-DALCLAMB88-70,2026_03_BAL_DAL,00-0036358,70
KXNFLRECYDS-26SEP27BALDAL-DALCLAMB88-60,2026_03_BAL_DAL,00-0036358,60
KXNFLRECYDS-26SEP27BALDAL-DALCLAMB88-50,2026_03_BAL_DAL,00-0036358,50
KXNFLRECYDS-26SEP27BALDAL-DALCLAMB88-40,2026_03_BAL_DAL,00-0036358,40
KXNFLRECYDS-26SEP27BALDAL-DALCLAMB88-170,2026_03_BAL_DAL,00-0036358,170
KXNFLRECYDS-26SEP27BALDAL-DALCLAMB88-160,2026_03_BAL_DAL,00-0036358,160
KXNFLRECYDS-26SEP27BALDAL-DALCLAMB88-150,2026_03_BAL_DAL,00-0036358,150
KXNFLRECYDS-26SEP27BALDAL-DALCLAMB88-140,2026_03_BAL_DAL,00-0036358,140
KXNFLRECYDS-26SEP27BALDAL-DALCLAMB88-130,2026_03_BAL_DAL,00-0036358,130
KXNFLRECYDS-26SEP27BALDAL-DALCLAMB88-120,2026_03_BAL_DAL,00-0036358,120
KXNFLRECYDS-26SEP27BALDAL-DALCLAMB88-110,2026_03_BAL_DAL,00-0036358,110
KXNFLRECYDS-26SEP27BALDAL-DALCLAMB88-100,2026_03_BAL_DAL,00-0036358,100
