market_ticker,game_id,player_id,threshold,model_version,calibration_version,generated_at,fair_yes,fair_no,raw_fair_yes,projection,residual_sd,position,season_games_before,prior_carries,prior_carries_pg,prior_rush_yds_pg,context_flags,qc_status,qc_reason
KXNFLRSHYDS-26OCT01PITCLE-PITARODGERS8-25,2026_04_PIT_CLE,00-0023459,25.0,NFL-RUSH-RIDGE-NORMALSD-ISO-v1,2024-25-WALKFORWARD-ISO-v1,2026-09-29T07:30:36.125342+00:00,0.0963364993215739,0.9036635006784262,0.15447709692559158,7.196053158863284,17.499131191796593,QB,3,21.0,1.3125,3.8125,LOW_THRESHOLD_10_30_CALIBRATION_CAUTION,MODEL_AVAILABLE,INDEPENDENT_MODEL_RESEARCH_ONLY
KXNFLRSHYDS-26OCT01PITCLE-PITARODGERS8-20,2026_04_PIT_CLE,00-0023459,20.0,NFL-RUSH-RIDGE-NORMALSD-ISO-v1,2024-25-WALKFORWARD-ISO-v1,2026-09-29T07:30:36.125342+00:00,0.1097112117780294,0.8902887882219706,0.2321787691865517,7.196053158863284,17.499131191796593,QB,3,21.0,1.3125,3.8125,LOW_THRESHOLD_10_30_CALIBRATION_CAUTION,MODEL_AVAILABLE,INDEPENDENT_MODEL_RESEARCH_ONLY
KXNFLRSHYDS-26OCT01PITCLE-PITARODGERS8-15,2026_04_PIT_CLE,00-0023459,15.0,NFL-RUSH-RIDGE-NORMALSD-ISO-v1,2024-25-WALKFORWARD-ISO-v1,2026-09-29T07:30:36.125342+00:00,0.1881533101045296,0.8118466898954704,0.3278123621949207,7.196053158863284,17.499131191796593,QB,3,21.0,1.3125,3.8125,LOW_THRESHOLD_10_30_CALIBRATION_CAUTION,MODEL_AVAILABLE,INDEPENDENT_MODEL_RESEARCH_ONLY
KXNFLRSHYDS-26OCT01PITCLE-PITARODGERS8-10,2026_04_PIT_CLE,00-0023459,10.0,NFL-RUSH-RIDGE-NORMALSD-ISO-v1,2024-25-WALKFORWARD-ISO-v1,2026-09-29T07:30:36.125342+00:00,0.3560767590618336,0.6439232409381663,0.43634857499169744,7.196053158863284,17.499131191796593,QB,3,21.0,1.3125,3.8125,LOW_THRESHOLD_10_30_CALIBRATION_CAUTION,MODEL_AVAILABLE,INDEPENDENT_MODEL_RESEARCH_ONLY
KXNFLRSHYDS-26OCT01PITCLE-PITJWARREN30-150,2026_04_PIT_CLE,00-0037228,150.0,NFL-RUSH-RIDGE-NORMALSD-ISO-v1,2024-25-WALKFORWARD-ISO-v1,2026-09-29T07:30:36.125342+00:00,0.0025059351094697,0.9974940648905303,8.013779033056795e-08,58.29849352869629,17.499131191796593,RB,3,211.0,13.1875,59.875,,MODEL_AVAILABLE,INDEPENDENT_MODEL_RESEARCH_ONLY
KXNFLRSHYDS-26OCT01PITCLE-PITJWARREN30-140,2026_04_PIT_CLE,00-0037228,140.0,NFL-RUSH-RIDGE-NORMALSD-ISO-v1,2024-25-WALKFORWARD-ISO-v1,2026-09-29T07:30:36.125342+00:00,0.0038745156855393,0.9961254843144607,1.514162415958014e-06,58.29849352869629,17.499131191796593,RB,3,211.0,13.1875,59.875,,MODEL_AVAILABLE,INDEPENDENT_MODEL_RESEARCH_ONLY
KXNFLRSHYDS-26OCT01PITCLE-PITJWARREN30-130,2026_04_PIT_CLE,00-0037228,130.0,NFL-RUSH-RIDGE-NORMALSD-ISO-v1,2024-25-WALKFORWARD-ISO-v1,2026-09-29T07:30:36.125342+00:00,0.0080273270708795,0.9919726729291205,2.0887908813694722e-05,58.29849352869629,17.499131191796593,RB,3,211.0,13.1875,59.875,,MODEL_AVAILABLE,INDEPENDENT_MODEL_RESEARCH_ONLY
KXNFLRSHYDS-26OCT01PITCLE-PITJWARREN30-120,2026_04_PIT_CLE,00-0037228,120.0,NFL-RUSH-RIDGE-NORMALSD-ISO-v1,2024-25-WALKFORWARD-ISO-v1,2026-09-29T07:30:36.125342+00:00,0.0128061469505362,0.9871938530494638,0.00021096306262213224,58.29849352869629,17.499131191796593,RB,3,211.0,13.1875,59.875,,MODEL_AVAILABLE,INDEPENDENT_MODEL_RESEARCH_ONLY
KXNFLRSHYDS-26OCT01PITCLE-PITJWARREN30-110,2026_04_PIT_CLE,00-0037228,110.0,NFL-RUSH-RIDGE-NORMALSD-ISO-v1,2024-25-WALKFORWARD-ISO-v1,2026-09-29T07:30:36.125342+00:00,0.019949281487743,0.980050718512257,0.0015657869935725196,58.29849352869629,17.499131191796593,RB,3,211.0,13.1875,59.875,,MODEL_AVAILABLE,INDEPENDENT_MODEL_RESEARCH_ONLY
KXNFLRSHYDS-26OCT01PITCLE-PITJWARREN30-100,2026_04_PIT_CLE,00-0037228,100.0,NFL-RUSH-RIDGE-NORMALSD-ISO-v1,2024-25-WALKFORWARD-ISO-v1,2026-09-29T07:30:36.125342+00:00,0.0289297658862876,0.9710702341137124,0.008584662000534007,58.29849352869629,17.499131191796593,RB,3,211.0,13.1875,59.875,,MODEL_AVAILABLE,INDEPENDENT_MODEL_RESEARCH_ONLY
KXNFLRSHYDS-26OCT01PITCLE-PITJWARREN30-90,2026_04_PIT_CLE,00-0037228,90.0,NFL-RUSH-RIDGE-NORMALSD-ISO-v1,2024-25-WALKFORWARD-ISO-v1,2026-09-29T07:30:36.125342+00:00,0.0450062508681761,0.9549937491318239,0.035023657240640306,58.29849352869629,17.499131191796593,RB,3,211.0,13.1875,59.875,,MODEL_AVAILABLE,INDEPENDENT_MODEL_RESEARCH_ONLY
KXNFLRSHYDS-26OCT01PITCLE-PITJWARREN30-80,2026_04_PIT_CLE,00-0037228,80.0,NFL-RUSH-RIDGE-NORMALSD-ISO-v1,2024-25-WALKFORWARD-ISO-v1,2026-09-29T07:30:36.125342+00:00,0.0694607268464243,0.9305392731535757,0.10746039309063299,58.29849352869629,17.499131191796593,RB,3,211.0,13.1875,59.875,,MODEL_AVAILABLE,INDEPENDENT_MODEL_RESEARCH_ONLY
KXNFLRSHYDS-26OCT01PITCLE-PITJWARREN30-70,2026_04_PIT_CLE,00-0037228,70.0,NFL-RUSH-RIDGE-NORMALSD-ISO-v1,2024-25-WALKFORWARD-ISO-v1,2026-09-29T07:30:36.125342+00:00,0.1097112117780294,0.8902887882219706,0.2518463972315321,58.29849352869629,17.499131191796593,RB,3,211.0,13.1875,59.875,,MODEL_AVAILABLE,INDEPENDENT_MODEL_RESEARCH_ONLY
KXNFLRSHYDS-26OCT01PITCLE-PITJWARREN30-60,2026_04_PIT_CLE,00-0037228,60.0,NFL-RUSH-RIDGE-NORMALSD-ISO-v1,2024-25-WALKFORWARD-ISO-v1,2026-09-29T07:30:36.125342+00:00,0.3585657370517928,0.6414342629482073,0.46127037585077235,58.29849352869629,17.499131191796593,RB,3,211.0,13.1875,59.875,,MODEL_AVAILABLE,INDEPENDENT_MODEL_RESEARCH_ONLY
KXNFLRSHYDS-26OCT01PITCLE-PITJWARREN30-50,2026_04_PIT_CLE,00-0037228,50.0,NFL-RUSH-RIDGE-NORMALSD-ISO-v1,2024-25-WALKFORWARD-ISO-v1,2026-09-29T07:30:36.125342+00:00,0.5889175257731958,0.4110824742268042,0.6823296150579272,58.29849352869629,17.499131191796593,RB,3,211.0,13.1875,59.875,,MODEL_AVAILABLE,INDEPENDENT_MODEL_RESEARCH_ONLY
KXNFLRSHYDS-26OCT01PITCLE-PITJWARREN30-40,2026_04_PIT_CLE,00-0037228,40.0,NFL-RUSH-RIDGE-NORMALSD-ISO-v1,2024-25-WALKFORWARD-ISO-v1,2026-09-29T07:30:36.125342+00:00,0.7077720207253886,0.2922279792746114,0.8521456268465784,58.29849352869629,17.499131191796593,RB,3,211.0,13.1875,59.875,,MODEL_AVAILABLE,INDEPENDENT_MODEL_RESEARCH_ONLY
KXNFLRSHYDS-26OCT01PITCLE-CLEDWATSON4-70,2026_04_PIT_CLE,00-0033537,70.0,NFL-RUSH-RIDGE-NORMALSD-ISO-v1,2024-25-WALKFORWARD-ISO-v1,2026-09-29T07:30:36.125342+00:00,0.0289297658862876,0.9710702341137124,0.013228713223478955,31.16188829352331,17.499131191796593,QB,3,0.0,0.0,0.0,,MODEL_AVAILABLE,INDEPENDENT_MODEL_RESEARCH_ONLY
KXNFLRSHYDS-26OCT01PITCLE-CLEDWATSON4-60,2026_04_PIT_CLE,00-0033537,60.0,NFL-RUSH-RIDGE-NORMALSD-ISO-v1,2024-25-WALKFORWARD-ISO-v1,2026-09-29T07:30:36.125342+00:00,0.0450062508681761,0.9549937491318239,0.049679012234283434,31.16188829352331,17.499131191796593,QB,3,0.0,0.0,0.0,,MODEL_AVAILABLE,INDEPENDENT_MODEL_RESEARCH_ONLY
KXNFLRSHYDS-26OCT01PITCLE-CLEDWATSON4-50,2026_04_PIT_CLE,00-0033537,50.0,NFL-RUSH-RIDGE-NORMALSD-ISO-v1,2024-25-WALKFORWARD-ISO-v1,2026-09-29T07:30:36.125342+00:00,0.0694607268464243,0.9305392731535757,0.1408480575346937,31.16188829352331,17.499131191796593,QB,3,0.0,0.0,0.0,,MODEL_AVAILABLE,INDEPENDENT_MODEL_RESEARCH_ONLY
KXNFLRSHYDS-26OCT01PITCLE-CLEDWATSON4-40,2026_04_PIT_CLE,00-0033537,40.0,NFL-RUSH-RIDGE-NORMALSD-ISO-v1,2024-25-WALKFORWARD-ISO-v1,2026-09-29T07:30:36.125342+00:00,0.1097112117780294,0.8902887882219706,0.3067583372263371,31.16188829352331,17.499131191796593,QB,3,0.0,0.0,0.0,,MODEL_AVAILABLE,INDEPENDENT_MODEL_RESEARCH_ONLY
KXNFLRSHYDS-26OCT01PITCLE-CLEDWATSON4-30,2026_04_PIT_CLE,00-0033537,30.0,NFL-RUSH-RIDGE-NORMALSD-ISO-v1,2024-25-WALKFORWARD-ISO-v1,2026-09-29T07:30:36.125342+00:00,0.4098939929328622,0.5901060070671378,0.5264690861248649,31.16188829352331,17.499131191796593,QB,3,0.0,0.0,0.0,LOW_THRESHOLD_10_30_CALIBRATION_CAUTION,MODEL_AVAILABLE,INDEPENDENT_MODEL_RESEARCH_ONLY
KXNFLRSHYDS-26OCT01PITCLE-CLEDWATSON4-25,2026_04_PIT_CLE,00-0033537,25.0,NFL-RUSH-RIDGE-NORMALSD-ISO-v1,2024-25-WALKFORWARD-ISO-v1,2026-09-29T07:30:36.125342+00:00,0.518590998043053,0.481409001956947,0.6376278839066615,31.16188829352331,17.499131191796593,QB,3,0.0,0.0,0.0,LOW_THRESHOLD_10_30_CALIBRATION_CAUTION,MODEL_AVAILABLE,INDEPENDENT_MODEL_RESEARCH_ONLY
KXNFLRSHYDS-26OCT01PITCLE-CLEDWATSON4-20,2026_04_PIT_CLE,00-0033537,20.0,NFL-RUSH-RIDGE-NORMALSD-ISO-v1,2024-25-WALKFORWARD-ISO-v1,2026-09-29T07:30:36.125342+00:00,0.5889175257731958,0.4110824742268042,0.7382155908302328,31.16188829352331,17.499131191796593,QB,3,0.0,0.0,0.0,LOW_THRESHOLD_10_30_CALIBRATION_CAUTION,MODEL_AVAILABLE,INDEPENDENT_MODEL_RESEARCH_ONLY
KXNFLRSHYDS-26OCT01PITCLE-CLEDWATSON4-15,2026_04_PIT_CLE,00-0033537,15.0,NFL-RUSH-RIDGE-NORMALSD-ISO-v1,2024-25-WALKFORWARD-ISO-v1,2026-09-29T07:30:36.125342+00:00,0.7077720207253886,0.2922279792746114,0.822148090430705,31.16188829352331,17.499131191796593,QB,3,0.0,0.0,0.0,LOW_THRESHOLD_10_30_CALIBRATION_CAUTION,MODEL_AVAILABLE,INDEPENDENT_MODEL_RESEARCH_ONLY
KXNFLRSHYDS-26OCT01PITCLE-CLEQJUDKINS10-90,2026_04_PIT_CLE,00-0040784,90.0,NFL-RUSH-RIDGE-NORMALSD-ISO-v1,2024-25-WALKFORWARD-ISO-v1,2026-09-29T07:30:36.125342+00:00,0.0336448598130841,0.9663551401869159,0.015362338103909178,52.19102060349109,17.499131191796593,RB,3,230.0,16.428571428571427,59.07142857142857,,MODEL_AVAILABLE,INDEPENDENT_MODEL_RESEARCH_ONLY
KXNFLRSHYDS-26OCT01PITCLE-CLEQJUDKINS10-80,2026_04_PIT_CLE,00-0040784,80.0,NFL-RUSH-RIDGE-NORMALSD-ISO-v1,2024-25-WALKFORWARD-ISO-v1,2026-09-29T07:30:36.125342+00:00,0.0577342047930283,0.9422657952069717,0.05601174988002474,52.19102060349109,17.499131191796593,RB,3,230.0,16.428571428571427,59.07142857142857,,MODEL_AVAILABLE,INDEPENDENT_MODEL_RESEARCH_ONLY
KXNFLRSHYDS-26OCT01PITCLE-CLEQJUDKINS10-70,2026_04_PIT_CLE,00-0040784,70.0,NFL-RUSH-RIDGE-NORMALSD-ISO-v1,2024-25-WALKFORWARD-ISO-v1,2026-09-29T07:30:36.125342+00:00,0.0963364993215739,0.9036635006784262,0.15440873086759793,52.19102060349109,17.499131191796593,RB,3,230.0,16.428571428571427,59.07142857142857,,MODEL_AVAILABLE,INDEPENDENT_MODEL_RESEARCH_ONLY
KXNFLRSHYDS-26OCT01PITCLE-CLEQJUDKINS10-60,2026_04_PIT_CLE,00-0040784,60.0,NFL-RUSH-RIDGE-NORMALSD-ISO-v1,2024-25-WALKFORWARD-ISO-v1,2026-09-29T07:30:36.125342+00:00,0.1881533101045296,0.8118466898954704,0.32770849758546006,52.19102060349109,17.499131191796593,RB,3,230.0,16.428571428571427,59.07142857142857,,MODEL_AVAILABLE,INDEPENDENT_MODEL_RESEARCH_ONLY
KXNFLRSHYDS-26OCT01PITCLE-CLEQJUDKINS10-50,2026_04_PIT_CLE,00-0040784,50.0,NFL-RUSH-RIDGE-NORMALSD-ISO-v1,2024-25-WALKFORWARD-ISO-v1,2026-09-29T07:30:36.125342+00:00,0.4553571428571428,0.5446428571428572,0.5498203178937262,52.19102060349109,17.499131191796593,RB,3,230.0,16.428571428571427,59.07142857142857,,MODEL_AVAILABLE,INDEPENDENT_MODEL_RESEARCH_ONLY
KXNFLRSHYDS-26OCT01PITCLE-CLEQJUDKINS10-40,2026_04_PIT_CLE,00-0040784,40.0,NFL-RUSH-RIDGE-NORMALSD-ISO-v1,2024-25-WALKFORWARD-ISO-v1,2026-09-29T07:30:36.125342+00:00,0.614247311827957,0.385752688172043,0.7569935583831711,52.19102060349109,17.499131191796593,RB,3,230.0,16.428571428571427,59.07142857142857,,MODEL_AVAILABLE,INDEPENDENT_MODEL_RESEARCH_ONLY
KXNFLRSHYDS-26OCT01PITCLE-CLEQJUDKINS10-30,2026_04_PIT_CLE,00-0040784,30.0,NFL-RUSH-RIDGE-NORMALSD-ISO-v1,2024-25-WALKFORWARD-ISO-v1,2026-09-29T07:30:36.125342+00:00,0.7678571428571429,0.2321428571428571,0.8976226779460612,52.19102060349109,17.499131191796593,RB,3,230.0,16.428571428571427,59.07142857142857,LOW_THRESHOLD_10_30_CALIBRATION_CAUTION,MODEL_AVAILABLE,INDEPENDENT_MODEL_RESEARCH_ONLY
KXNFLRSHYDS-26OCT01PITCLE-CLEQJUDKINS10-130,2026_04_PIT_CLE,00-0040784,130.0,NFL-RUSH-RIDGE-NORMALSD-ISO-v1,2024-25-WALKFORWARD-ISO-v1,2026-09-29T07:30:36.125342+00:00,0.0073696145124716,0.9926303854875284,4.365086452727875e-06,52.19102060349109,17.499131191796593,RB,3,230.0,16.428571428571427,59.07142857142857,,MODEL_AVAILABLE,INDEPENDENT_MODEL_RESEARCH_ONLY
KXNFLRSHYDS-26OCT01PITCLE-CLEQJUDKINS10-120,2026_04_PIT_CLE,00-0040784,120.0,NFL-RUSH-RIDGE-NORMALSD-ISO-v1,2024-25-WALKFORWARD-ISO-v1,2026-09-29T07:30:36.125342+00:00,0.011334363730036,0.988665636269964,5.331427612397678e-05,52.19102060349109,17.499131191796593,RB,3,230.0,16.428571428571427,59.07142857142857,,MODEL_AVAILABLE,INDEPENDENT_MODEL_RESEARCH_ONLY
KXNFLRSHYDS-26OCT01PITCLE-CLEQJUDKINS10-110,2026_04_PIT_CLE,00-0040784,110.0,NFL-RUSH-RIDGE-NORMALSD-ISO-v1,2024-25-WALKFORWARD-ISO-v1,2026-09-29T07:30:36.125342+00:00,0.014933628318584,0.985066371681416,0.00047737151475466726,52.19102060349109,17.499131191796593,RB,3,230.0,16.428571428571427,59.07142857142857,,MODEL_AVAILABLE,INDEPENDENT_MODEL_RESEARCH_ONLY
KXNFLRSHYDS-26OCT01PITCLE-CLEQJUDKINS10-100,2026_04_PIT_CLE,00-0040784,100.0,NFL-RUSH-RIDGE-NORMALSD-ISO-v1,2024-25-WALKFORWARD-ISO-v1,2026-09-29T07:30:36.125342+00:00,0.0239520958083832,0.9760479041916168,0.0031468184809467937,52.19102060349109,17.499131191796593,RB,3,230.0,16.428571428571427,59.07142857142857,,MODEL_AVAILABLE,INDEPENDENT_MODEL_RESEARCH_ONLY
